tracking_id,order_id,shipment_id,tracking_code,carrier,service_level,status,event_description,city,state,country_code,estimated_delivery_at,occurred_at,created_at,updated_at
1,1,1,SIM000000000001,Transportadora Simulada,standard,SHIPPED,Remessa coletada pela transportadora,Curitiba,PR,BR,2026-09-10T23:26:12.549744Z,2026-09-05T23:26:12.549744Z,2026-09-07T14:46:12.549744Z,2026-09-07T14:46:12.549744Z
2,2,2,SIM000000000002,Transportadora Simulada,standard,SHIPPED,Remessa coletada pela transportadora,São Paulo,SP,BR,2026-09-10T08:45:12.549744Z,2026-09-05T08:45:12.549744Z,2026-09-07T14:46:12.549744Z,2026-09-07T14:46:12.549744Z
3,3,3,SIM000000000003,Transportadora Simulada,standard,SHIPPED,Remessa coletada pela transportadora,Curitiba,PR,BR,2026-09-10T11:48:12.549744Z,2026-09-05T11:48:12.549744Z,2026-09-07T14:46:12.549744Z,2026-09-07T14:46:12.549744Z
4,4,4,SIM000000000004,Transportadora Simulada,standard,SHIPPED,Remessa coletada pela transportadora,São Paulo,SP,BR,2026-09-10T04:15:12.549744Z,2026-09-05T04:15:12.549744Z,2026-09-07T14:46:12.549744Z,2026-09-07T14:46:12.549744Z
5,5,5,SIM000000000005,Transportadora Simulada,standard,SHIPPED,Remessa coletada pela transportadora,Belo Horizonte,MG,BR,2026-09-08T20:35:12.549744Z,2026-09-03T20:35:12.549744Z,2026-09-07T14:46:12.549744Z,2026-09-07T14:46:12.549744Z
6,6,6,SIM000000000006,Transportadora Simulada,standard,SHIPPED,Remessa coletada pela transportadora,São Paulo,SP,BR,2026-09-09T06:30:12.549744Z,2026-09-04T06:30:12.549744Z,2026-09-07T14:46:12.549744Z,2026-09-07T14:46:12.549744Z
7,7,7,SIM000000000007,Transportadora Simulada,standard,SHIPPED,Remessa coletada pela transportadora,Recife,PE,BR,2026-09-08T17:18:12.549744Z,2026-09-03T17:18:12.549744Z,2026-09-07T14:46:12.549744Z,2026-09-07T14:46:12.549744Z
8,8,8,SIM000000000008,Transportadora Simulada,standard,SHIPPED,Remessa coletada pela transportadora,Recife,PE,BR,2026-09-09T07:20:12.549744Z,2026-09-04T07:20:12.549744Z,2026-09-07T14:46:12.549744Z,2026-09-07T14:46:12.549744Z
9,9,9,SIM000000000009,Transportadora Simulada,standard,SHIPPED,Remessa coletada pela transportadora,Recife,PE,BR,2026-09-10T08:39:12.549744Z,2026-09-05T08:39:12.549744Z,2026-09-07T14:46:12.549744Z,2026-09-07T14:46:12.549744Z
10,10,10,SIM000000000010,Transportadora Simulada,standard,SHIPPED,Remessa coletada pela transportadora,São Paulo,SP,BR,2026-09-09T02:50:12.549744Z,2026-09-04T02:50:12.549744Z,2026-09-07T14:46:12.549744Z,2026-09-07T14:46:12.549744Z
11,11,11,SIM000000000011,Transportadora Simulada,standard,SHIPPED,Remessa coletada pela transportadora,Curitiba,PR,BR,2026-09-08T22:03:12.549744Z,2026-09-03T22:03:12.549744Z,2026-09-07T14:46:12.549744Z,2026-09-07T14:46:12.549744Z
12,12,12,SIM000000000012,Transportadora Simulada,standard,SHIPPED,Remessa coletada pela transportadora,Recife,PE,BR,2026-09-08T10:05:12.549744Z,2026-09-03T10:05:12.549744Z,2026-09-07T14:46:12.549744Z,2026-09-07T14:46:12.549744Z
13,13,13,SIM000000000013,Transportadora Simulada,standard,SHIPPED,Remessa coletada pela transportadora,Recife,PE,BR,2026-09-11T09:10:12.549744Z,2026-09-06T09:10:12.549744Z,2026-09-07T14:46:12.549744Z,2026-09-07T14:46:12.549744Z
14,14,14,SIM000000000014,Transportadora Simulada,standard,SHIPPED,Remessa coletada pela transportadora,Belo Horizonte,MG,BR,2026-09-09T12:20:12.549744Z,2026-09-04T12:20:12.549744Z,2026-09-07T14:46:12.549744Z,2026-09-07T14:46:12.549744Z
15,15,15,SIM000000000015,Transportadora Simulada,standard,SHIPPED,Remessa coletada pela transportadora,Curitiba,PR,BR,2026-09-11T15:30:12.549744Z,2026-09-06T15:30:12.549744Z,2026-09-07T14:46:12.549744Z,2026-09-07T14:46:12.549744Z
16,16,16,SIM000000000016,Transportadora Simulada,standard,SHIPPED,Remessa coletada pela transportadora,Belo Horizonte,MG,BR,2026-09-09T18:10:12.549744Z,2026-09-04T18:10:12.549744Z,2026-09-07T14:46:12.549744Z,2026-09-07T14:46:12.549744Z
17,17,17,SIM000000000017,Transportadora Simulada,standard,SHIPPED,Remessa coletada pela transportadora,São Paulo,SP,BR,2026-09-09T19:26:12.549744Z,2026-09-04T19:26:12.549744Z,2026-09-07T14:46:12.549744Z,2026-09-07T14:46:12.549744Z
18,18,18,SIM000000000018,Transportadora Simulada,standard,SHIPPED,Remessa coletada pela transportadora,Recife,PE,BR,2026-09-11T21:36:12.549744Z,2026-09-06T21:36:12.549744Z,2026-09-07T14:46:12.549744Z,2026-09-07T14:46:12.549744Z
19,19,19,SIM000000000019,Transportadora Simulada,standard,SHIPPED,Remessa coletada pela transportadora,Curitiba,PR,BR,2026-09-09T20:14:12.549744Z,2026-09-04T20:14:12.549744Z,2026-09-07T14:46:12.549744Z,2026-09-07T14:46:12.549744Z
20,20,20,SIM000000000020,Transportadora Simulada,standard,SHIPPED,Remessa coletada pela transportadora,Recife,PE,BR,2026-09-10T09:44:12.549744Z,2026-09-05T09:44:12.549744Z,2026-09-07T14:46:12.549744Z,2026-09-07T14:46:12.549744Z
21,21,21,SIM000000000021,Transportadora Simulada,standard,SHIPPED,Remessa coletada pela transportadora,Curitiba,PR,BR,2026-09-08T21:04:12.549744Z,2026-09-03T21:04:12.549744Z,2026-09-07T14:46:12.549744Z,2026-09-07T14:46:12.549744Z
22,23,23,SIM000000000023,Transportadora Simulada,standard,SHIPPED,Remessa coletada pela transportadora,São Paulo,SP,BR,2026-09-11T12:59:12.549744Z,2026-09-06T12:59:12.549744Z,2026-09-07T14:46:12.549744Z,2026-09-07T14:46:12.549744Z
23,24,24,SIM000000000024,Transportadora Simulada,standard,SHIPPED,Remessa coletada pela transportadora,Recife,PE,BR,2026-09-08T22:02:12.549744Z,2026-09-03T22:02:12.549744Z,2026-09-07T14:46:12.549744Z,2026-09-07T14:46:12.549744Z
24,25,25,SIM000000000025,Transportadora Simulada,standard,SHIPPED,Remessa coletada pela transportadora,São Paulo,SP,BR,2026-09-11T03:01:12.549744Z,2026-09-06T03:01:12.549744Z,2026-09-07T14:46:12.549744Z,2026-09-07T14:46:12.549744Z
25,26,26,SIM000000000026,Transportadora Simulada,standard,SHIPPED,Remessa coletada pela transportadora,Recife,PE,BR,2026-09-10T03:45:12.549744Z,2026-09-05T03:45:12.549744Z,2026-09-07T14:46:12.549744Z,2026-09-07T14:46:12.549744Z
26,27,27,SIM000000000027,Transportadora Simulada,standard,SHIPPED,Remessa coletada pela transportadora,Curitiba,PR,BR,2026-09-11T10:54:12.549744Z,2026-09-06T10:54:12.549744Z,2026-09-07T14:46:12.549744Z,2026-09-07T14:46:12.549744Z
27,28,28,SIM000000000028,Transportadora Simulada,standard,SHIPPED,Remessa coletada pela transportadora,Belo Horizonte,MG,BR,2026-09-11T13:42:12.549744Z,2026-09-06T13:42:12.549744Z,2026-09-07T14:46:12.549744Z,2026-09-07T14:46:12.549744Z
28,30,30,SIM000000000030,Transportadora Simulada,standard,SHIPPED,Remessa coletada pela transportadora,Belo Horizonte,MG,BR,2026-09-10T20:24:12.549744Z,2026-09-05T20:24:12.549744Z,2026-09-07T14:46:12.549744Z,2026-09-07T14:46:12.549744Z
29,31,31,SIM000000000031,Transportadora Simulada,standard,SHIPPED,Remessa coletada pela transportadora,Recife,PE,BR,2026-09-09T14:50:12.549744Z,2026-09-04T14:50:12.549744Z,2026-09-07T14:46:12.549744Z,2026-09-07T14:46:12.549744Z
30,32,32,SIM000000000032,Transportadora Simulada,standard,SHIPPED,Remessa coletada pela transportadora,Recife,PE,BR,2026-09-08T15:34:12.549744Z,2026-09-03T15:34:12.549744Z,2026-09-07T14:46:12.549744Z,2026-09-07T14:46:12.549744Z
31,33,33,SIM000000000033,Transportadora Simulada,standard,SHIPPED,Remessa coletada pela transportadora,Curitiba,PR,BR,2026-09-10T04:19:12.549744Z,2026-09-05T04:19:12.549744Z,2026-09-07T14:46:12.549744Z,2026-09-07T14:46:12.549744Z
32,34,34,SIM000000000034,Transportadora Simulada,standard,SHIPPED,Remessa coletada pela transportadora,São Paulo,SP,BR,2026-09-11T01:12:12.549744Z,2026-09-06T01:12:12.549744Z,2026-09-07T14:46:12.549744Z,2026-09-07T14:46:12.549744Z
33,35,35,SIM000000000035,Transportadora Simulada,standard,SHIPPED,Remessa coletada pela transportadora,São Paulo,SP,BR,2026-09-09T22:33:12.549744Z,2026-09-04T22:33:12.549744Z,2026-09-07T14:46:12.549744Z,2026-09-07T14:46:12.549744Z
34,36,36,SIM000000000036,Transportadora Simulada,standard,SHIPPED,Remessa coletada pela transportadora,Belo Horizonte,MG,BR,2026-09-10T10:16:12.549744Z,2026-09-05T10:16:12.549744Z,2026-09-07T14:46:12.549744Z,2026-09-07T14:46:12.549744Z
35,37,37,SIM000000000037,Transportadora Simulada,standard,SHIPPED,Remessa coletada pela transportadora,Recife,PE,BR,2026-09-08T07:22:12.549744Z,2026-09-03T07:22:12.549744Z,2026-09-07T14:46:12.549744Z,2026-09-07T14:46:12.549744Z
36,38,38,SIM000000000038,Transportadora Simulada,standard,SHIPPED,Remessa coletada pela transportadora,Curitiba,PR,BR,2026-09-09T02:28:12.549744Z,2026-09-04T02:28:12.549744Z,2026-09-07T14:46:12.549744Z,2026-09-07T14:46:12.549744Z
37,39,39,SIM000000000039,Transportadora Simulada,standard,SHIPPED,Remessa coletada pela transportadora,Belo Horizonte,MG,BR,2026-09-09T23:26:12.549744Z,2026-09-04T23:26:12.549744Z,2026-09-07T14:46:12.549744Z,2026-09-07T14:46:12.549744Z
38,40,40,SIM000000000040,Transportadora Simulada,standard,SHIPPED,Remessa coletada pela transportadora,Recife,PE,BR,2026-09-10T11:22:12.549744Z,2026-09-05T11:22:12.549744Z,2026-09-07T14:46:12.549744Z,2026-09-07T14:46:12.549744Z
39,41,41,SIM000000000041,Transportadora Simulada,standard,SHIPPED,Remessa coletada pela transportadora,Recife,PE,BR,2026-09-11T23:52:12.549744Z,2026-09-06T23:52:12.549744Z,2026-09-07T14:46:12.549744Z,2026-09-07T14:46:12.549744Z
40,42,42,SIM000000000042,Transportadora Simulada,standard,SHIPPED,Remessa coletada pela transportadora,Curitiba,PR,BR,2026-09-08T14:12:12.549744Z,2026-09-03T14:12:12.549744Z,2026-09-07T14:46:12.549744Z,2026-09-07T14:46:12.549744Z
41,43,43,SIM000000000043,Transportadora Simulada,standard,SHIPPED,Remessa coletada pela transportadora,São Paulo,SP,BR,2026-09-10T06:14:54.029480Z,2026-09-05T06:14:54.029480Z,2026-09-07T14:46:54.029480Z,2026-09-07T14:46:54.029480Z
42,44,44,SIM000000000044,Transportadora Simulada,standard,SHIPPED,Remessa coletada pela transportadora,São Paulo,SP,BR,2026-09-09T19:44:54.029480Z,2026-09-04T19:44:54.029480Z,2026-09-07T14:46:54.029480Z,2026-09-07T14:46:54.029480Z
43,45,45,SIM000000000045,Transportadora Simulada,standard,SHIPPED,Remessa coletada pela transportadora,Curitiba,PR,BR,2026-09-11T10:26:54.029480Z,2026-09-06T10:26:54.029480Z,2026-09-07T14:46:54.029480Z,2026-09-07T14:46:54.029480Z
44,46,46,SIM000000000046,Transportadora Simulada,standard,SHIPPED,Remessa coletada pela transportadora,São Paulo,SP,BR,2026-09-08T04:38:54.029480Z,2026-09-03T04:38:54.029480Z,2026-09-07T14:46:54.029480Z,2026-09-07T14:46:54.029480Z
45,47,47,SIM000000000047,Transportadora Simulada,standard,SHIPPED,Remessa coletada pela transportadora,Recife,PE,BR,2026-09-10T19:28:54.029480Z,2026-09-05T19:28:54.029480Z,2026-09-07T14:46:54.029480Z,2026-09-07T14:46:54.029480Z
46,48,48,SIM000000000048,Transportadora Simulada,standard,SHIPPED,Remessa coletada pela transportadora,São Paulo,SP,BR,2026-09-08T06:00:54.029480Z,2026-09-03T06:00:54.029480Z,2026-09-07T14:46:54.029480Z,2026-09-07T14:46:54.029480Z
47,49,49,SIM000000000049,Transportadora Simulada,standard,SHIPPED,Remessa coletada pela transportadora,São Paulo,SP,BR,2026-09-08T22:28:54.029480Z,2026-09-03T22:28:54.029480Z,2026-09-07T14:46:54.029480Z,2026-09-07T14:46:54.029480Z
48,50,50,SIM000000000050,Transportadora Simulada,standard,SHIPPED,Remessa coletada pela transportadora,Belo Horizonte,MG,BR,2026-09-11T09:13:54.029480Z,2026-09-06T09:13:54.029480Z,2026-09-07T14:46:54.029480Z,2026-09-07T14:46:54.029480Z
49,51,51,SIM000000000051,Transportadora Simulada,standard,SHIPPED,Remessa coletada pela transportadora,São Paulo,SP,BR,2026-09-08T11:40:54.029480Z,2026-09-03T11:40:54.029480Z,2026-09-07T14:46:54.029480Z,2026-09-07T14:46:54.029480Z
50,52,52,SIM000000000052,Transportadora Simulada,standard,SHIPPED,Remessa coletada pela transportadora,São Paulo,SP,BR,2026-09-08T15:05:54.029480Z,2026-09-03T15:05:54.029480Z,2026-09-07T14:46:54.029480Z,2026-09-07T14:46:54.029480Z
51,53,53,SIM000000000053,Transportadora Simulada,standard,SHIPPED,Remessa coletada pela transportadora,Belo Horizonte,MG,BR,2026-09-11T18:54:54.029480Z,2026-09-06T18:54:54.029480Z,2026-09-07T14:46:54.029480Z,2026-09-07T14:46:54.029480Z
52,54,54,SIM000000000054,Transportadora Simulada,standard,SHIPPED,Remessa coletada pela transportadora,Recife,PE,BR,2026-09-09T08:10:54.029480Z,2026-09-04T08:10:54.029480Z,2026-09-07T14:46:54.029480Z,2026-09-07T14:46:54.029480Z
53,55,55,SIM000000000055,Transportadora Simulada,standard,SHIPPED,Remessa coletada pela transportadora,Belo Horizonte,MG,BR,2026-09-11T09:27:54.029480Z,2026-09-06T09:27:54.029480Z,2026-09-07T14:46:54.029480Z,2026-09-07T14:46:54.029480Z
54,56,56,SIM000000000056,Transportadora Simulada,standard,SHIPPED,Remessa coletada pela transportadora,São Paulo,SP,BR,2026-09-11T11:08:54.029480Z,2026-09-06T11:08:54.029480Z,2026-09-07T14:46:54.029480Z,2026-09-07T14:46:54.029480Z
55,57,57,SIM000000000057,Transportadora Simulada,standard,SHIPPED,Remessa coletada pela transportadora,São Paulo,SP,BR,2026-09-09T02:12:54.029480Z,2026-09-04T02:12:54.029480Z,2026-09-07T14:46:54.029480Z,2026-09-07T14:46:54.029480Z
56,58,58,SIM000000000058,Transportadora Simulada,standard,SHIPPED,Remessa coletada pela transportadora,Curitiba,PR,BR,2026-09-10T15:59:54.029480Z,2026-09-05T15:59:54.029480Z,2026-09-07T14:46:54.029480Z,2026-09-07T14:46:54.029480Z
57,59,59,SIM000000000059,Transportadora Simulada,standard,SHIPPED,Remessa coletada pela transportadora,São Paulo,SP,BR,2026-09-08T22:45:54.029480Z,2026-09-03T22:45:54.029480Z,2026-09-07T14:46:54.029480Z,2026-09-07T14:46:54.029480Z
58,60,60,SIM000000000060,Transportadora Simulada,standard,SHIPPED,Remessa coletada pela transportadora,Recife,PE,BR,2026-09-09T07:52:54.029480Z,2026-09-04T07:52:54.029480Z,2026-09-07T14:46:54.029480Z,2026-09-07T14:46:54.029480Z
59,61,61,SIM000000000061,Transportadora Simulada,standard,SHIPPED,Remessa coletada pela transportadora,Curitiba,PR,BR,2026-09-08T02:23:54.029480Z,2026-09-03T02:23:54.029480Z,2026-09-07T14:46:54.029480Z,2026-09-07T14:46:54.029480Z
60,62,62,SIM000000000062,Transportadora Simulada,standard,SHIPPED,Remessa coletada pela transportadora,São Paulo,SP,BR,2026-09-11T22:53:54.029480Z,2026-09-06T22:53:54.029480Z,2026-09-07T14:46:54.029480Z,2026-09-07T14:46:54.029480Z
61,63,63,SIM000000000063,Transportadora Simulada,standard,SHIPPED,Remessa coletada pela transportadora,Recife,PE,BR,2026-09-11T00:33:54.029480Z,2026-09-06T00:33:54.029480Z,2026-09-07T14:46:54.029480Z,2026-09-07T14:46:54.029480Z
62,65,65,SIM000000000065,Transportadora Simulada,standard,SHIPPED,Remessa coletada pela transportadora,Belo Horizonte,MG,BR,2026-09-11T19:32:54.029480Z,2026-09-06T19:32:54.029480Z,2026-09-07T14:46:54.029480Z,2026-09-07T14:46:54.029480Z
63,66,66,SIM000000000066,Transportadora Simulada,standard,SHIPPED,Remessa coletada pela transportadora,Recife,PE,BR,2026-09-10T07:49:54.029480Z,2026-09-05T07:49:54.029480Z,2026-09-07T14:46:54.029480Z,2026-09-07T14:46:54.029480Z
64,67,67,SIM000000000067,Transportadora Simulada,standard,SHIPPED,Remessa coletada pela transportadora,Curitiba,PR,BR,2026-09-11T22:24:54.029480Z,2026-09-06T22:24:54.029480Z,2026-09-07T14:46:54.029480Z,2026-09-07T14:46:54.029480Z
65,68,68,SIM000000000068,Transportadora Simulada,standard,SHIPPED,Remessa coletada pela transportadora,Curitiba,PR,BR,2026-09-11T07:35:54.029480Z,2026-09-06T07:35:54.029480Z,2026-09-07T14:46:54.029480Z,2026-09-07T14:46:54.029480Z
66,69,69,SIM000000000069,Transportadora Simulada,standard,SHIPPED,Remessa coletada pela transportadora,Belo Horizonte,MG,BR,2026-09-11T17:49:54.029480Z,2026-09-06T17:49:54.029480Z,2026-09-07T14:46:54.029480Z,2026-09-07T14:46:54.029480Z
67,70,70,SIM000000000070,Transportadora Simulada,standard,SHIPPED,Remessa coletada pela transportadora,Recife,PE,BR,2026-09-10T12:12:54.029480Z,2026-09-05T12:12:54.029480Z,2026-09-07T14:46:54.029480Z,2026-09-07T14:46:54.029480Z
68,71,71,SIM000000000071,Transportadora Simulada,standard,SHIPPED,Remessa coletada pela transportadora,Belo Horizonte,MG,BR,2026-09-08T08:27:54.029480Z,2026-09-03T08:27:54.029480Z,2026-09-07T14:46:54.029480Z,2026-09-07T14:46:54.029480Z
69,72,72,SIM000000000072,Transportadora Simulada,standard,SHIPPED,Remessa coletada pela transportadora,Belo Horizonte,MG,BR,2026-09-10T01:45:54.029480Z,2026-09-05T01:45:54.029480Z,2026-09-07T14:46:54.029480Z,2026-09-07T14:46:54.029480Z
70,73,73,SIM000000000073,Transportadora Simulada,standard,SHIPPED,Remessa coletada pela transportadora,Curitiba,PR,BR,2026-09-09T19:31:54.029480Z,2026-09-04T19:31:54.029480Z,2026-09-07T14:46:54.029480Z,2026-09-07T14:46:54.029480Z
71,74,74,SIM000000000074,Transportadora Simulada,standard,SHIPPED,Remessa coletada pela transportadora,São Paulo,SP,BR,2026-09-11T04:28:54.029480Z,2026-09-06T04:28:54.029480Z,2026-09-07T14:46:54.029480Z,2026-09-07T14:46:54.029480Z
72,75,75,SIM000000000075,Transportadora Simulada,standard,SHIPPED,Remessa coletada pela transportadora,Recife,PE,BR,2026-09-09T15:53:54.029480Z,2026-09-04T15:53:54.029480Z,2026-09-07T14:46:54.029480Z,2026-09-07T14:46:54.029480Z
73,76,76,SIM000000000076,Transportadora Simulada,standard,SHIPPED,Remessa coletada pela transportadora,Belo Horizonte,MG,BR,2026-09-10T17:47:54.029480Z,2026-09-05T17:47:54.029480Z,2026-09-07T14:46:54.029480Z,2026-09-07T14:46:54.029480Z
74,77,77,SIM000000000077,Transportadora Simulada,standard,SHIPPED,Remessa coletada pela transportadora,Recife,PE,BR,2026-09-08T02:20:54.029480Z,2026-09-03T02:20:54.029480Z,2026-09-07T14:46:54.029480Z,2026-09-07T14:46:54.029480Z
75,78,78,SIM000000000078,Transportadora Simulada,standard,SHIPPED,Remessa coletada pela transportadora,Recife,PE,BR,2026-09-10T18:38:54.029480Z,2026-09-05T18:38:54.029480Z,2026-09-07T14:46:54.029480Z,2026-09-07T14:46:54.029480Z
76,79,79,SIM000000000079,Transportadora Simulada,standard,SHIPPED,Remessa coletada pela transportadora,Belo Horizonte,MG,BR,2026-09-11T16:31:54.029480Z,2026-09-06T16:31:54.029480Z,2026-09-07T14:46:54.029480Z,2026-09-07T14:46:54.029480Z
77,80,80,SIM000000000080,Transportadora Simulada,standard,SHIPPED,Remessa coletada pela transportadora,Curitiba,PR,BR,2026-09-11T13:07:54.029480Z,2026-09-06T13:07:54.029480Z,2026-09-07T14:46:54.029480Z,2026-09-07T14:46:54.029480Z
78,81,81,SIM000000000081,Transportadora Simulada,standard,SHIPPED,Remessa coletada pela transportadora,Recife,PE,BR,2026-09-08T17:24:54.029480Z,2026-09-03T17:24:54.029480Z,2026-09-07T14:46:54.029480Z,2026-09-07T14:46:54.029480Z
79,82,82,SIM000000000082,Transportadora Simulada,standard,SHIPPED,Remessa coletada pela transportadora,Recife,PE,BR,2026-09-11T04:03:54.029480Z,2026-09-06T04:03:54.029480Z,2026-09-07T14:46:54.029480Z,2026-09-07T14:46:54.029480Z
80,83,83,SIM000000000083,Transportadora Simulada,standard,SHIPPED,Remessa coletada pela transportadora,Belo Horizonte,MG,BR,2026-09-11T07:13:54.029480Z,2026-09-06T07:13:54.029480Z,2026-09-07T14:46:54.029480Z,2026-09-07T14:46:54.029480Z
81,84,84,SIM000000000084,Transportadora Simulada,standard,SHIPPED,Remessa coletada pela transportadora,Curitiba,PR,BR,2026-09-09T06:10:54.029480Z,2026-09-04T06:10:54.029480Z,2026-09-07T14:46:54.029480Z,2026-09-07T14:46:54.029480Z
82,85,85,SIM000000000085,Transportadora Simulada,standard,SHIPPED,Remessa coletada pela transportadora,Recife,PE,BR,2026-09-11T07:15:54.029480Z,2026-09-06T07:15:54.029480Z,2026-09-07T14:46:54.029480Z,2026-09-07T14:46:54.029480Z
83,86,86,SIM000000000086,Transportadora Simulada,standard,SHIPPED,Remessa coletada pela transportadora,Belo Horizonte,MG,BR,2026-09-09T01:19:54.029480Z,2026-09-04T01:19:54.029480Z,2026-09-07T14:46:54.029480Z,2026-09-07T14:46:54.029480Z
84,87,87,SIM000000000087,Transportadora Simulada,standard,SHIPPED,Remessa coletada pela transportadora,Curitiba,PR,BR,2026-09-10T15:05:54.029480Z,2026-09-05T15:05:54.029480Z,2026-09-07T14:46:54.029480Z,2026-09-07T14:46:54.029480Z
85,88,88,SIM000000000088,Transportadora Simulada,standard,SHIPPED,Remessa coletada pela transportadora,Belo Horizonte,MG,BR,2026-09-09T20:05:54.029480Z,2026-09-04T20:05:54.029480Z,2026-09-07T14:46:54.029480Z,2026-09-07T14:46:54.029480Z
86,89,89,SIM000000000089,Transportadora Simulada,standard,SHIPPED,Remessa coletada pela transportadora,Recife,PE,BR,2026-09-10T23:27:54.029480Z,2026-09-05T23:27:54.029480Z,2026-09-07T14:46:54.029480Z,2026-09-07T14:46:54.029480Z
87,90,90,SIM000000000090,Transportadora Simulada,standard,SHIPPED,Remessa coletada pela transportadora,São Paulo,SP,BR,2026-09-10T08:32:54.029480Z,2026-09-05T08:32:54.029480Z,2026-09-07T14:46:54.029480Z,2026-09-07T14:46:54.029480Z
88,91,91,SIM000000000091,Transportadora Simulada,standard,SHIPPED,Remessa coletada pela transportadora,Recife,PE,BR,2026-09-09T14:23:54.029480Z,2026-09-04T14:23:54.029480Z,2026-09-07T14:46:54.029480Z,2026-09-07T14:46:54.029480Z
89,92,92,SIM000000000092,Transportadora Simulada,standard,SHIPPED,Remessa coletada pela transportadora,Recife,PE,BR,2026-09-09T13:01:54.029480Z,2026-09-04T13:01:54.029480Z,2026-09-07T14:46:54.029480Z,2026-09-07T14:46:54.029480Z
90,93,93,SIM000000000093,Transportadora Simulada,standard,SHIPPED,Remessa coletada pela transportadora,Recife,PE,BR,2026-09-08T02:35:54.029480Z,2026-09-03T02:35:54.029480Z,2026-09-07T14:46:54.029480Z,2026-09-07T14:46:54.029480Z
91,94,94,SIM000000000094,Transportadora Simulada,standard,SHIPPED,Remessa coletada pela transportadora,Curitiba,PR,BR,2026-09-09T20:59:54.029480Z,2026-09-04T20:59:54.029480Z,2026-09-07T14:46:54.029480Z,2026-09-07T14:46:54.029480Z
92,95,95,SIM000000000095,Transportadora Simulada,standard,SHIPPED,Remessa coletada pela transportadora,Belo Horizonte,MG,BR,2026-09-10T10:49:54.029480Z,2026-09-05T10:49:54.029480Z,2026-09-07T14:46:54.029480Z,2026-09-07T14:46:54.029480Z
93,96,96,SIM000000000096,Transportadora Simulada,standard,SHIPPED,Remessa coletada pela transportadora,Belo Horizonte,MG,BR,2026-09-09T04:00:54.029480Z,2026-09-04T04:00:54.029480Z,2026-09-07T14:46:54.029480Z,2026-09-07T14:46:54.029480Z
94,97,97,SIM000000000097,Transportadora Simulada,standard,SHIPPED,Remessa coletada pela transportadora,Recife,PE,BR,2026-09-09T14:46:54.029480Z,2026-09-04T14:46:54.029480Z,2026-09-07T14:46:54.029480Z,2026-09-07T14:46:54.029480Z
95,98,98,SIM000000000098,Transportadora Simulada,standard,SHIPPED,Remessa coletada pela transportadora,Curitiba,PR,BR,2026-09-12T02:02:54.029480Z,2026-09-07T02:02:54.029480Z,2026-09-07T14:46:54.029480Z,2026-09-07T14:46:54.029480Z
96,99,99,SIM000000000099,Transportadora Simulada,standard,SHIPPED,Remessa coletada pela transportadora,São Paulo,SP,BR,2026-09-10T20:59:54.029480Z,2026-09-05T20:59:54.029480Z,2026-09-07T14:46:54.029480Z,2026-09-07T14:46:54.029480Z
97,100,100,SIM000000000100,Transportadora Simulada,standard,SHIPPED,Remessa coletada pela transportadora,São Paulo,SP,BR,2026-09-09T08:28:54.029480Z,2026-09-04T08:28:54.029480Z,2026-09-07T14:46:54.029480Z,2026-09-07T14:46:54.029480Z
98,101,101,SIM000000000101,Transportadora Simulada,standard,SHIPPED,Remessa coletada pela transportadora,Curitiba,PR,BR,2026-09-09T06:22:54.029480Z,2026-09-04T06:22:54.029480Z,2026-09-07T14:46:54.029480Z,2026-09-07T14:46:54.029480Z
99,102,102,SIM000000000102,Transportadora Simulada,standard,SHIPPED,Remessa coletada pela transportadora,São Paulo,SP,BR,2026-09-08T13:41:54.029480Z,2026-09-03T13:41:54.029480Z,2026-09-07T14:46:54.029480Z,2026-09-07T14:46:54.029480Z
100,103,103,SIM000000000103,Transportadora Simulada,standard,SHIPPED,Remessa coletada pela transportadora,São Paulo,SP,BR,2026-09-11T16:03:54.029480Z,2026-09-06T16:03:54.029480Z,2026-09-07T14:46:54.029480Z,2026-09-07T14:46:54.029480Z
101,105,105,SIM000000000105,Transportadora Simulada,standard,SHIPPED,Remessa coletada pela transportadora,Belo Horizonte,MG,BR,2026-09-10T06:48:54.029480Z,2026-09-05T06:48:54.029480Z,2026-09-07T14:46:54.029480Z,2026-09-07T14:46:54.029480Z
102,106,106,SIM000000000106,Transportadora Simulada,standard,SHIPPED,Remessa coletada pela transportadora,Belo Horizonte,MG,BR,2026-09-08T11:33:54.029480Z,2026-09-03T11:33:54.029480Z,2026-09-07T14:46:54.029480Z,2026-09-07T14:46:54.029480Z
103,107,107,SIM000000000107,Transportadora Simulada,standard,SHIPPED,Remessa coletada pela transportadora,Recife,PE,BR,2026-09-10T02:01:54.029480Z,2026-09-05T02:01:54.029480Z,2026-09-07T14:46:54.029480Z,2026-09-07T14:46:54.029480Z
104,108,108,SIM000000000108,Transportadora Simulada,standard,SHIPPED,Remessa coletada pela transportadora,São Paulo,SP,BR,2026-09-10T15:08:54.029480Z,2026-09-05T15:08:54.029480Z,2026-09-07T14:46:54.029480Z,2026-09-07T14:46:54.029480Z
105,109,109,SIM000000000109,Transportadora Simulada,standard,SHIPPED,Remessa coletada pela transportadora,Recife,PE,BR,2026-09-08T05:51:54.029480Z,2026-09-03T05:51:54.029480Z,2026-09-07T14:46:54.029480Z,2026-09-07T14:46:54.029480Z
106,110,110,SIM000000000110,Transportadora Simulada,standard,SHIPPED,Remessa coletada pela transportadora,Belo Horizonte,MG,BR,2026-09-08T05:29:54.029480Z,2026-09-03T05:29:54.029480Z,2026-09-07T14:46:54.029480Z,2026-09-07T14:46:54.029480Z
107,111,111,SIM000000000111,Transportadora Simulada,standard,SHIPPED,Remessa coletada pela transportadora,Curitiba,PR,BR,2026-09-10T05:04:54.029480Z,2026-09-05T05:04:54.029480Z,2026-09-07T14:46:54.029480Z,2026-09-07T14:46:54.029480Z
108,112,112,SIM000000000112,Transportadora Simulada,standard,SHIPPED,Remessa coletada pela transportadora,Recife,PE,BR,2026-09-10T04:37:54.029480Z,2026-09-05T04:37:54.029480Z,2026-09-07T14:46:54.029480Z,2026-09-07T14:46:54.029480Z
109,113,113,SIM000000000113,Transportadora Simulada,standard,SHIPPED,Remessa coletada pela transportadora,Belo Horizonte,MG,BR,2026-09-12T00:11:54.029480Z,2026-09-07T00:11:54.029480Z,2026-09-07T14:46:54.029480Z,2026-09-07T14:46:54.029480Z
110,115,115,SIM000000000115,Transportadora Simulada,standard,SHIPPED,Remessa coletada pela transportadora,São Paulo,SP,BR,2026-09-12T01:39:54.029480Z,2026-09-07T01:39:54.029480Z,2026-09-07T14:46:54.029480Z,2026-09-07T14:46:54.029480Z
111,117,117,SIM000000000117,Transportadora Simulada,standard,SHIPPED,Remessa coletada pela transportadora,Belo Horizonte,MG,BR,2026-09-09T21:39:54.029480Z,2026-09-04T21:39:54.029480Z,2026-09-07T14:46:54.029480Z,2026-09-07T14:46:54.029480Z
112,118,118,SIM000000000118,Transportadora Simulada,standard,SHIPPED,Remessa coletada pela transportadora,Belo Horizonte,MG,BR,2026-09-11T09:14:54.029480Z,2026-09-06T09:14:54.029480Z,2026-09-07T14:46:54.029480Z,2026-09-07T14:46:54.029480Z
113,119,119,SIM000000000119,Transportadora Simulada,standard,SHIPPED,Remessa coletada pela transportadora,São Paulo,SP,BR,2026-09-11T13:30:54.029480Z,2026-09-06T13:30:54.029480Z,2026-09-07T14:46:54.029480Z,2026-09-07T14:46:54.029480Z
114,120,120,SIM000000000120,Transportadora Simulada,standard,SHIPPED,Remessa coletada pela transportadora,Recife,PE,BR,2026-09-08T15:41:54.029480Z,2026-09-03T15:41:54.029480Z,2026-09-07T14:46:54.029480Z,2026-09-07T14:46:54.029480Z
115,121,121,SIM000000000121,Transportadora Simulada,standard,SHIPPED,Remessa coletada pela transportadora,Belo Horizonte,MG,BR,2026-09-12T00:53:54.029480Z,2026-09-07T00:53:54.029480Z,2026-09-07T14:46:54.029480Z,2026-09-07T14:46:54.029480Z
116,122,122,SIM000000000122,Transportadora Simulada,standard,SHIPPED,Remessa coletada pela transportadora,Recife,PE,BR,2026-09-09T14:15:54.029480Z,2026-09-04T14:15:54.029480Z,2026-09-07T14:46:54.029480Z,2026-09-07T14:46:54.029480Z
117,123,123,SIM000000000123,Transportadora Simulada,standard,SHIPPED,Remessa coletada pela transportadora,Curitiba,PR,BR,2026-09-09T02:02:54.029480Z,2026-09-04T02:02:54.029480Z,2026-09-07T14:46:54.029480Z,2026-09-07T14:46:54.029480Z
118,124,124,SIM000000000124,Transportadora Simulada,standard,SHIPPED,Remessa coletada pela transportadora,São Paulo,SP,BR,2026-09-10T18:34:54.029480Z,2026-09-05T18:34:54.029480Z,2026-09-07T14:46:54.029480Z,2026-09-07T14:46:54.029480Z
119,125,125,SIM000000000125,Transportadora Simulada,standard,SHIPPED,Remessa coletada pela transportadora,São Paulo,SP,BR,2026-09-09T11:00:54.029480Z,2026-09-04T11:00:54.029480Z,2026-09-07T14:46:54.029480Z,2026-09-07T14:46:54.029480Z
120,126,126,SIM000000000126,Transportadora Simulada,standard,SHIPPED,Remessa coletada pela transportadora,Recife,PE,BR,2026-09-08T18:09:54.029480Z,2026-09-03T18:09:54.029480Z,2026-09-07T14:46:54.029480Z,2026-09-07T14:46:54.029480Z
121,127,127,SIM000000000127,Transportadora Simulada,standard,SHIPPED,Remessa coletada pela transportadora,Curitiba,PR,BR,2026-09-08T05:43:54.029480Z,2026-09-03T05:43:54.029480Z,2026-09-07T14:46:54.029480Z,2026-09-07T14:46:54.029480Z
122,128,128,SIM000000000128,Transportadora Simulada,standard,SHIPPED,Remessa coletada pela transportadora,Recife,PE,BR,2026-09-08T14:40:54.029480Z,2026-09-03T14:40:54.029480Z,2026-09-07T14:46:54.029480Z,2026-09-07T14:46:54.029480Z
123,129,129,SIM000000000129,Transportadora Simulada,standard,SHIPPED,Remessa coletada pela transportadora,Curitiba,PR,BR,2026-09-09T22:17:54.029480Z,2026-09-04T22:17:54.029480Z,2026-09-07T14:46:54.029480Z,2026-09-07T14:46:54.029480Z
124,130,130,SIM000000000130,Transportadora Simulada,standard,SHIPPED,Remessa coletada pela transportadora,São Paulo,SP,BR,2026-09-09T05:37:54.029480Z,2026-09-04T05:37:54.029480Z,2026-09-07T14:46:54.029480Z,2026-09-07T14:46:54.029480Z
125,131,131,SIM000000000131,Transportadora Simulada,standard,SHIPPED,Remessa coletada pela transportadora,Recife,PE,BR,2026-09-08T22:21:54.029480Z,2026-09-03T22:21:54.029480Z,2026-09-07T14:46:54.029480Z,2026-09-07T14:46:54.029480Z
126,132,132,SIM000000000132,Transportadora Simulada,standard,SHIPPED,Remessa coletada pela transportadora,São Paulo,SP,BR,2026-09-08T17:20:54.029480Z,2026-09-03T17:20:54.029480Z,2026-09-07T14:46:54.029480Z,2026-09-07T14:46:54.029480Z
127,133,133,SIM000000000133,Transportadora Simulada,standard,SHIPPED,Remessa coletada pela transportadora,Recife,PE,BR,2026-09-09T10:48:54.029480Z,2026-09-04T10:48:54.029480Z,2026-09-07T14:46:54.029480Z,2026-09-07T14:46:54.029480Z
128,134,134,SIM000000000134,Transportadora Simulada,standard,SHIPPED,Remessa coletada pela transportadora,São Paulo,SP,BR,2026-09-11T17:52:54.029480Z,2026-09-06T17:52:54.029480Z,2026-09-07T14:46:54.029480Z,2026-09-07T14:46:54.029480Z
129,135,135,SIM000000000135,Transportadora Simulada,standard,SHIPPED,Remessa coletada pela transportadora,São Paulo,SP,BR,2026-09-09T08:41:54.029480Z,2026-09-04T08:41:54.029480Z,2026-09-07T14:46:54.029480Z,2026-09-07T14:46:54.029480Z
130,136,136,SIM000000000136,Transportadora Simulada,standard,SHIPPED,Remessa coletada pela transportadora,Belo Horizonte,MG,BR,2026-09-08T06:37:54.029480Z,2026-09-03T06:37:54.029480Z,2026-09-07T14:46:54.029480Z,2026-09-07T14:46:54.029480Z
131,137,137,SIM000000000137,Transportadora Simulada,standard,SHIPPED,Remessa coletada pela transportadora,Recife,PE,BR,2026-09-10T16:05:54.029480Z,2026-09-05T16:05:54.029480Z,2026-09-07T14:46:54.029480Z,2026-09-07T14:46:54.029480Z
132,138,138,SIM000000000138,Transportadora Simulada,standard,SHIPPED,Remessa coletada pela transportadora,Belo Horizonte,MG,BR,2026-09-08T07:06:54.029480Z,2026-09-03T07:06:54.029480Z,2026-09-07T14:46:54.029480Z,2026-09-07T14:46:54.029480Z
133,139,139,SIM000000000139,Transportadora Simulada,standard,SHIPPED,Remessa coletada pela transportadora,Recife,PE,BR,2026-09-11T04:02:54.029480Z,2026-09-06T04:02:54.029480Z,2026-09-07T14:46:54.029480Z,2026-09-07T14:46:54.029480Z
134,140,140,SIM000000000140,Transportadora Simulada,standard,SHIPPED,Remessa coletada pela transportadora,São Paulo,SP,BR,2026-09-09T08:09:54.029480Z,2026-09-04T08:09:54.029480Z,2026-09-07T14:46:54.029480Z,2026-09-07T14:46:54.029480Z
135,141,141,SIM000000000141,Transportadora Simulada,standard,SHIPPED,Remessa coletada pela transportadora,Recife,PE,BR,2026-09-10T15:40:54.029480Z,2026-09-05T15:40:54.029480Z,2026-09-07T14:46:54.029480Z,2026-09-07T14:46:54.029480Z
136,142,142,SIM000000000142,Transportadora Simulada,standard,SHIPPED,Remessa coletada pela transportadora,Curitiba,PR,BR,2026-09-08T20:43:54.029480Z,2026-09-03T20:43:54.029480Z,2026-09-07T14:46:54.029480Z,2026-09-07T14:46:54.029480Z
137,143,143,SIM000000000143,Transportadora Simulada,standard,SHIPPED,Remessa coletada pela transportadora,Belo Horizonte,MG,BR,2026-09-10T17:58:54.029480Z,2026-09-05T17:58:54.029480Z,2026-09-07T14:46:54.029480Z,2026-09-07T14:46:54.029480Z
138,144,144,SIM000000000144,Transportadora Simulada,standard,SHIPPED,Remessa coletada pela transportadora,Curitiba,PR,BR,2026-09-11T02:32:54.029480Z,2026-09-06T02:32:54.029480Z,2026-09-07T14:46:54.029480Z,2026-09-07T14:46:54.029480Z
139,145,145,SIM000000000145,Transportadora Simulada,standard,SHIPPED,Remessa coletada pela transportadora,Curitiba,PR,BR,2026-09-10T04:57:54.029480Z,2026-09-05T04:57:54.029480Z,2026-09-07T14:46:54.029480Z,2026-09-07T14:46:54.029480Z
140,146,146,SIM000000000146,Transportadora Simulada,standard,SHIPPED,Remessa coletada pela transportadora,Curitiba,PR,BR,2026-09-09T02:58:54.029480Z,2026-09-04T02:58:54.029480Z,2026-09-07T14:46:54.029480Z,2026-09-07T14:46:54.029480Z
141,147,147,SIM000000000147,Transportadora Simulada,standard,SHIPPED,Remessa coletada pela transportadora,São Paulo,SP,BR,2026-09-11T22:20:54.029480Z,2026-09-06T22:20:54.029480Z,2026-09-07T14:46:54.029480Z,2026-09-07T14:46:54.029480Z
142,148,148,SIM000000000148,Transportadora Simulada,standard,SHIPPED,Remessa coletada pela transportadora,Belo Horizonte,MG,BR,2026-09-10T02:39:54.029480Z,2026-09-05T02:39:54.029480Z,2026-09-07T14:46:54.029480Z,2026-09-07T14:46:54.029480Z
143,149,149,SIM000000000149,Transportadora Simulada,standard,SHIPPED,Remessa coletada pela transportadora,Belo Horizonte,MG,BR,2026-09-11T21:43:54.029480Z,2026-09-06T21:43:54.029480Z,2026-09-07T14:46:54.029480Z,2026-09-07T14:46:54.029480Z
144,150,150,SIM000000000150,Transportadora Simulada,standard,SHIPPED,Remessa coletada pela transportadora,Curitiba,PR,BR,2026-09-08T05:36:54.029480Z,2026-09-03T05:36:54.029480Z,2026-09-07T14:46:54.029480Z,2026-09-07T14:46:54.029480Z
145,151,151,SIM000000000151,Transportadora Simulada,standard,SHIPPED,Remessa coletada pela transportadora,São Paulo,SP,BR,2026-09-11T03:32:54.029480Z,2026-09-06T03:32:54.029480Z,2026-09-07T14:46:54.029480Z,2026-09-07T14:46:54.029480Z
146,152,152,SIM000000000152,Transportadora Simulada,standard,SHIPPED,Remessa coletada pela transportadora,Belo Horizonte,MG,BR,2026-09-08T07:41:54.029480Z,2026-09-03T07:41:54.029480Z,2026-09-07T14:46:54.029480Z,2026-09-07T14:46:54.029480Z
147,153,153,SIM000000000153,Transportadora Simulada,standard,SHIPPED,Remessa coletada pela transportadora,Curitiba,PR,BR,2026-09-10T15:03:54.029480Z,2026-09-05T15:03:54.029480Z,2026-09-07T14:46:54.029480Z,2026-09-07T14:46:54.029480Z
148,154,154,SIM000000000154,Transportadora Simulada,standard,SHIPPED,Remessa coletada pela transportadora,Belo Horizonte,MG,BR,2026-09-10T02:06:54.029480Z,2026-09-05T02:06:54.029480Z,2026-09-07T14:46:54.029480Z,2026-09-07T14:46:54.029480Z
149,155,155,SIM000000000155,Transportadora Simulada,standard,SHIPPED,Remessa coletada pela transportadora,Recife,PE,BR,2026-09-08T18:32:54.029480Z,2026-09-03T18:32:54.029480Z,2026-09-07T14:46:54.029480Z,2026-09-07T14:46:54.029480Z
150,156,156,SIM000000000156,Transportadora Simulada,standard,SHIPPED,Remessa coletada pela transportadora,Curitiba,PR,BR,2026-09-10T15:06:54.029480Z,2026-09-05T15:06:54.029480Z,2026-09-07T14:46:54.029480Z,2026-09-07T14:46:54.029480Z
151,157,157,SIM000000000157,Transportadora Simulada,standard,SHIPPED,Remessa coletada pela transportadora,São Paulo,SP,BR,2026-09-08T14:17:54.029480Z,2026-09-03T14:17:54.029480Z,2026-09-07T14:46:54.029480Z,2026-09-07T14:46:54.029480Z
152,158,158,SIM000000000158,Transportadora Simulada,standard,SHIPPED,Remessa coletada pela transportadora,Belo Horizonte,MG,BR,2026-09-08T15:07:54.029480Z,2026-09-03T15:07:54.029480Z,2026-09-07T14:46:54.029480Z,2026-09-07T14:46:54.029480Z
153,159,159,SIM000000000159,Transportadora Simulada,standard,SHIPPED,Remessa coletada pela transportadora,São Paulo,SP,BR,2026-09-10T14:10:54.029480Z,2026-09-05T14:10:54.029480Z,2026-09-07T14:46:54.029480Z,2026-09-07T14:46:54.029480Z
154,160,160,SIM000000000160,Transportadora Simulada,standard,SHIPPED,Remessa coletada pela transportadora,São Paulo,SP,BR,2026-09-10T00:16:54.029480Z,2026-09-05T00:16:54.029480Z,2026-09-07T14:46:54.029480Z,2026-09-07T14:46:54.029480Z
155,161,161,SIM000000000161,Transportadora Simulada,standard,SHIPPED,Remessa coletada pela transportadora,Curitiba,PR,BR,2026-09-09T16:24:54.029480Z,2026-09-04T16:24:54.029480Z,2026-09-07T14:46:54.029480Z,2026-09-07T14:46:54.029480Z
156,162,162,SIM000000000162,Transportadora Simulada,standard,SHIPPED,Remessa coletada pela transportadora,Belo Horizonte,MG,BR,2026-09-10T10:38:54.029480Z,2026-09-05T10:38:54.029480Z,2026-09-07T14:46:54.029480Z,2026-09-07T14:46:54.029480Z
157,163,163,SIM000000000163,Transportadora Simulada,standard,SHIPPED,Remessa coletada pela transportadora,Curitiba,PR,BR,2026-09-11T06:08:54.029480Z,2026-09-06T06:08:54.029480Z,2026-09-07T14:46:54.029480Z,2026-09-07T14:46:54.029480Z
158,164,164,SIM000000000164,Transportadora Simulada,standard,SHIPPED,Remessa coletada pela transportadora,Recife,PE,BR,2026-09-11T02:46:54.029480Z,2026-09-06T02:46:54.029480Z,2026-09-07T14:46:54.029480Z,2026-09-07T14:46:54.029480Z
159,165,165,SIM000000000165,Transportadora Simulada,standard,SHIPPED,Remessa coletada pela transportadora,Belo Horizonte,MG,BR,2026-09-08T16:12:54.029480Z,2026-09-03T16:12:54.029480Z,2026-09-07T14:46:54.029480Z,2026-09-07T14:46:54.029480Z
160,166,166,SIM000000000166,Transportadora Simulada,standard,SHIPPED,Remessa coletada pela transportadora,São Paulo,SP,BR,2026-09-10T02:11:54.029480Z,2026-09-05T02:11:54.029480Z,2026-09-07T14:46:54.029480Z,2026-09-07T14:46:54.029480Z
161,168,168,SIM000000000168,Transportadora Simulada,standard,SHIPPED,Remessa coletada pela transportadora,Belo Horizonte,MG,BR,2026-09-11T23:23:54.029480Z,2026-09-06T23:23:54.029480Z,2026-09-07T14:46:54.029480Z,2026-09-07T14:46:54.029480Z
162,169,169,SIM000000000169,Transportadora Simulada,standard,SHIPPED,Remessa coletada pela transportadora,Belo Horizonte,MG,BR,2026-09-09T09:05:54.029480Z,2026-09-04T09:05:54.029480Z,2026-09-07T14:46:54.029480Z,2026-09-07T14:46:54.029480Z
163,170,170,SIM000000000170,Transportadora Simulada,standard,SHIPPED,Remessa coletada pela transportadora,Recife,PE,BR,2026-09-08T09:34:54.029480Z,2026-09-03T09:34:54.029480Z,2026-09-07T14:46:54.029480Z,2026-09-07T14:46:54.029480Z
164,171,171,SIM000000000171,Transportadora Simulada,standard,SHIPPED,Remessa coletada pela transportadora,Recife,PE,BR,2026-09-08T15:55:54.029480Z,2026-09-03T15:55:54.029480Z,2026-09-07T14:46:54.029480Z,2026-09-07T14:46:54.029480Z
165,172,172,SIM000000000172,Transportadora Simulada,standard,SHIPPED,Remessa coletada pela transportadora,São Paulo,SP,BR,2026-09-08T19:16:54.029480Z,2026-09-03T19:16:54.029480Z,2026-09-07T14:46:54.029480Z,2026-09-07T14:46:54.029480Z
166,173,173,SIM000000000173,Transportadora Simulada,standard,SHIPPED,Remessa coletada pela transportadora,São Paulo,SP,BR,2026-09-09T21:25:54.029480Z,2026-09-04T21:25:54.029480Z,2026-09-07T14:46:54.029480Z,2026-09-07T14:46:54.029480Z
167,174,174,SIM000000000174,Transportadora Simulada,standard,SHIPPED,Remessa coletada pela transportadora,Recife,PE,BR,2026-09-10T01:32:54.029480Z,2026-09-05T01:32:54.029480Z,2026-09-07T14:46:54.029480Z,2026-09-07T14:46:54.029480Z
168,175,175,SIM000000000175,Transportadora Simulada,standard,SHIPPED,Remessa coletada pela transportadora,São Paulo,SP,BR,2026-09-11T14:23:54.029480Z,2026-09-06T14:23:54.029480Z,2026-09-07T14:46:54.029480Z,2026-09-07T14:46:54.029480Z
169,176,176,SIM000000000176,Transportadora Simulada,standard,SHIPPED,Remessa coletada pela transportadora,São Paulo,SP,BR,2026-09-08T19:58:54.029480Z,2026-09-03T19:58:54.029480Z,2026-09-07T14:46:54.029480Z,2026-09-07T14:46:54.029480Z
170,177,177,SIM000000000177,Transportadora Simulada,standard,SHIPPED,Remessa coletada pela transportadora,Curitiba,PR,BR,2026-09-09T12:19:54.029480Z,2026-09-04T12:19:54.029480Z,2026-09-07T14:46:54.029480Z,2026-09-07T14:46:54.029480Z
171,178,178,SIM000000000178,Transportadora Simulada,standard,SHIPPED,Remessa coletada pela transportadora,Belo Horizonte,MG,BR,2026-09-08T18:03:54.029480Z,2026-09-03T18:03:54.029480Z,2026-09-07T14:46:54.029480Z,2026-09-07T14:46:54.029480Z
172,179,179,SIM000000000179,Transportadora Simulada,standard,SHIPPED,Remessa coletada pela transportadora,Belo Horizonte,MG,BR,2026-09-08T13:27:54.029480Z,2026-09-03T13:27:54.029480Z,2026-09-07T14:46:54.029480Z,2026-09-07T14:46:54.029480Z
173,180,180,SIM000000000180,Transportadora Simulada,standard,SHIPPED,Remessa coletada pela transportadora,Recife,PE,BR,2026-09-12T02:40:54.029480Z,2026-09-07T02:40:54.029480Z,2026-09-07T14:46:54.029480Z,2026-09-07T14:46:54.029480Z
174,181,181,SIM000000000181,Transportadora Simulada,standard,SHIPPED,Remessa coletada pela transportadora,Belo Horizonte,MG,BR,2026-09-09T12:59:54.029480Z,2026-09-04T12:59:54.029480Z,2026-09-07T14:46:54.029480Z,2026-09-07T14:46:54.029480Z
175,182,182,SIM000000000182,Transportadora Simulada,standard,SHIPPED,Remessa coletada pela transportadora,Recife,PE,BR,2026-09-08T19:20:54.029480Z,2026-09-03T19:20:54.029480Z,2026-09-07T14:46:54.029480Z,2026-09-07T14:46:54.029480Z
176,183,183,SIM000000000183,Transportadora Simulada,standard,SHIPPED,Remessa coletada pela transportadora,Curitiba,PR,BR,2026-09-09T18:46:54.029480Z,2026-09-04T18:46:54.029480Z,2026-09-07T14:46:54.029480Z,2026-09-07T14:46:54.029480Z
177,184,184,SIM000000000184,Transportadora Simulada,standard,SHIPPED,Remessa coletada pela transportadora,Recife,PE,BR,2026-09-11T15:42:54.029480Z,2026-09-06T15:42:54.029480Z,2026-09-07T14:46:54.029480Z,2026-09-07T14:46:54.029480Z
178,185,185,SIM000000000185,Transportadora Simulada,standard,SHIPPED,Remessa coletada pela transportadora,São Paulo,SP,BR,2026-09-10T15:04:54.029480Z,2026-09-05T15:04:54.029480Z,2026-09-07T14:46:54.029480Z,2026-09-07T14:46:54.029480Z
179,186,186,SIM000000000186,Transportadora Simulada,standard,SHIPPED,Remessa coletada pela transportadora,Curitiba,PR,BR,2026-09-08T06:29:54.029480Z,2026-09-03T06:29:54.029480Z,2026-09-07T14:46:54.029480Z,2026-09-07T14:46:54.029480Z
180,187,187,SIM000000000187,Transportadora Simulada,standard,SHIPPED,Remessa coletada pela transportadora,Curitiba,PR,BR,2026-09-09T17:38:54.029480Z,2026-09-04T17:38:54.029480Z,2026-09-07T14:46:54.029480Z,2026-09-07T14:46:54.029480Z
181,188,188,SIM000000000188,Transportadora Simulada,standard,SHIPPED,Remessa coletada pela transportadora,Recife,PE,BR,2026-09-08T05:55:54.029480Z,2026-09-03T05:55:54.029480Z,2026-09-07T14:46:54.029480Z,2026-09-07T14:46:54.029480Z
182,189,189,SIM000000000189,Transportadora Simulada,standard,SHIPPED,Remessa coletada pela transportadora,Curitiba,PR,BR,2026-09-08T12:36:54.029480Z,2026-09-03T12:36:54.029480Z,2026-09-07T14:46:54.029480Z,2026-09-07T14:46:54.029480Z
183,190,190,SIM000000000190,Transportadora Simulada,standard,SHIPPED,Remessa coletada pela transportadora,Recife,PE,BR,2026-09-09T05:20:54.029480Z,2026-09-04T05:20:54.029480Z,2026-09-07T14:46:54.029480Z,2026-09-07T14:46:54.029480Z
184,191,191,SIM000000000191,Transportadora Simulada,standard,SHIPPED,Remessa coletada pela transportadora,Recife,PE,BR,2026-09-08T12:20:54.029480Z,2026-09-03T12:20:54.029480Z,2026-09-07T14:46:54.029480Z,2026-09-07T14:46:54.029480Z
185,192,192,SIM000000000192,Transportadora Simulada,standard,SHIPPED,Remessa coletada pela transportadora,Recife,PE,BR,2026-09-10T15:49:54.029480Z,2026-09-05T15:49:54.029480Z,2026-09-07T14:46:54.029480Z,2026-09-07T14:46:54.029480Z
186,193,193,SIM000000000193,Transportadora Simulada,standard,SHIPPED,Remessa coletada pela transportadora,Curitiba,PR,BR,2026-09-08T12:02:54.029480Z,2026-09-03T12:02:54.029480Z,2026-09-07T14:46:54.029480Z,2026-09-07T14:46:54.029480Z
187,194,194,SIM000000000194,Transportadora Simulada,standard,SHIPPED,Remessa coletada pela transportadora,Recife,PE,BR,2026-09-11T16:31:54.029480Z,2026-09-06T16:31:54.029480Z,2026-09-07T14:46:54.029480Z,2026-09-07T14:46:54.029480Z
188,195,195,SIM000000000195,Transportadora Simulada,standard,SHIPPED,Remessa coletada pela transportadora,São Paulo,SP,BR,2026-09-10T10:30:54.029480Z,2026-09-05T10:30:54.029480Z,2026-09-07T14:46:54.029480Z,2026-09-07T14:46:54.029480Z
189,196,196,SIM000000000196,Transportadora Simulada,standard,SHIPPED,Remessa coletada pela transportadora,Recife,PE,BR,2026-09-08T13:40:54.029480Z,2026-09-03T13:40:54.029480Z,2026-09-07T14:46:54.029480Z,2026-09-07T14:46:54.029480Z
190,197,197,SIM000000000197,Transportadora Simulada,standard,SHIPPED,Remessa coletada pela transportadora,Belo Horizonte,MG,BR,2026-09-10T19:40:54.029480Z,2026-09-05T19:40:54.029480Z,2026-09-07T14:46:54.029480Z,2026-09-07T14:46:54.029480Z
191,198,198,SIM000000000198,Transportadora Simulada,standard,SHIPPED,Remessa coletada pela transportadora,São Paulo,SP,BR,2026-09-08T09:48:54.029480Z,2026-09-03T09:48:54.029480Z,2026-09-07T14:46:54.029480Z,2026-09-07T14:46:54.029480Z
192,199,199,SIM000000000199,Transportadora Simulada,standard,SHIPPED,Remessa coletada pela transportadora,São Paulo,SP,BR,2026-09-10T15:30:54.029480Z,2026-09-05T15:30:54.029480Z,2026-09-07T14:46:54.029480Z,2026-09-07T14:46:54.029480Z
193,200,200,SIM000000000200,Transportadora Simulada,standard,SHIPPED,Remessa coletada pela transportadora,Curitiba,PR,BR,2026-09-09T18:57:54.029480Z,2026-09-04T18:57:54.029480Z,2026-09-07T14:46:54.029480Z,2026-09-07T14:46:54.029480Z
194,201,201,SIM000000000201,Transportadora Simulada,standard,SHIPPED,Remessa coletada pela transportadora,São Paulo,SP,BR,2026-09-08T20:17:54.029480Z,2026-09-03T20:17:54.029480Z,2026-09-07T14:46:54.029480Z,2026-09-07T14:46:54.029480Z
195,202,202,SIM000000000202,Transportadora Simulada,standard,SHIPPED,Remessa coletada pela transportadora,Curitiba,PR,BR,2026-09-08T19:53:54.029480Z,2026-09-03T19:53:54.029480Z,2026-09-07T14:46:54.029480Z,2026-09-07T14:46:54.029480Z
196,204,204,SIM000000000204,Transportadora Simulada,standard,SHIPPED,Remessa coletada pela transportadora,Curitiba,PR,BR,2026-09-09T13:18:54.029480Z,2026-09-04T13:18:54.029480Z,2026-09-07T14:46:54.029480Z,2026-09-07T14:46:54.029480Z
197,205,205,SIM000000000205,Transportadora Simulada,standard,SHIPPED,Remessa coletada pela transportadora,São Paulo,SP,BR,2026-09-09T23:30:54.029480Z,2026-09-04T23:30:54.029480Z,2026-09-07T14:46:54.029480Z,2026-09-07T14:46:54.029480Z
198,206,206,SIM000000000206,Transportadora Simulada,standard,SHIPPED,Remessa coletada pela transportadora,Curitiba,PR,BR,2026-09-09T18:03:54.029480Z,2026-09-04T18:03:54.029480Z,2026-09-07T14:46:54.029480Z,2026-09-07T14:46:54.029480Z
199,207,207,SIM000000000207,Transportadora Simulada,standard,SHIPPED,Remessa coletada pela transportadora,Belo Horizonte,MG,BR,2026-09-10T20:23:54.029480Z,2026-09-05T20:23:54.029480Z,2026-09-07T14:46:54.029480Z,2026-09-07T14:46:54.029480Z
200,208,208,SIM000000000208,Transportadora Simulada,standard,SHIPPED,Remessa coletada pela transportadora,Belo Horizonte,MG,BR,2026-09-11T10:05:54.029480Z,2026-09-06T10:05:54.029480Z,2026-09-07T14:46:54.029480Z,2026-09-07T14:46:54.029480Z
201,209,209,SIM000000000209,Transportadora Simulada,standard,SHIPPED,Remessa coletada pela transportadora,Belo Horizonte,MG,BR,2026-09-11T01:33:54.029480Z,2026-09-06T01:33:54.029480Z,2026-09-07T14:46:54.029480Z,2026-09-07T14:46:54.029480Z
202,210,210,SIM000000000210,Transportadora Simulada,standard,SHIPPED,Remessa coletada pela transportadora,São Paulo,SP,BR,2026-09-11T22:21:54.029480Z,2026-09-06T22:21:54.029480Z,2026-09-07T14:46:54.029480Z,2026-09-07T14:46:54.029480Z
203,211,211,SIM000000000211,Transportadora Simulada,standard,SHIPPED,Remessa coletada pela transportadora,São Paulo,SP,BR,2026-09-09T00:27:54.029480Z,2026-09-04T00:27:54.029480Z,2026-09-07T14:46:54.029480Z,2026-09-07T14:46:54.029480Z
204,212,212,SIM000000000212,Transportadora Simulada,standard,SHIPPED,Remessa coletada pela transportadora,Belo Horizonte,MG,BR,2026-09-09T06:40:54.029480Z,2026-09-04T06:40:54.029480Z,2026-09-07T14:46:54.029480Z,2026-09-07T14:46:54.029480Z
205,213,213,SIM000000000213,Transportadora Simulada,standard,SHIPPED,Remessa coletada pela transportadora,Curitiba,PR,BR,2026-09-12T02:42:54.029480Z,2026-09-07T02:42:54.029480Z,2026-09-07T14:46:54.029480Z,2026-09-07T14:46:54.029480Z
206,214,214,SIM000000000214,Transportadora Simulada,standard,SHIPPED,Remessa coletada pela transportadora,São Paulo,SP,BR,2026-09-12T01:03:54.029480Z,2026-09-07T01:03:54.029480Z,2026-09-07T14:46:54.029480Z,2026-09-07T14:46:54.029480Z
207,215,215,SIM000000000215,Transportadora Simulada,standard,SHIPPED,Remessa coletada pela transportadora,São Paulo,SP,BR,2026-09-10T19:37:54.029480Z,2026-09-05T19:37:54.029480Z,2026-09-07T14:46:54.029480Z,2026-09-07T14:46:54.029480Z
208,216,216,SIM000000000216,Transportadora Simulada,standard,SHIPPED,Remessa coletada pela transportadora,Recife,PE,BR,2026-09-11T17:38:54.029480Z,2026-09-06T17:38:54.029480Z,2026-09-07T14:46:54.029480Z,2026-09-07T14:46:54.029480Z
209,217,217,SIM000000000217,Transportadora Simulada,standard,SHIPPED,Remessa coletada pela transportadora,Recife,PE,BR,2026-09-11T15:19:54.029480Z,2026-09-06T15:19:54.029480Z,2026-09-07T14:46:54.029480Z,2026-09-07T14:46:54.029480Z
210,218,218,SIM000000000218,Transportadora Simulada,standard,SHIPPED,Remessa coletada pela transportadora,Belo Horizonte,MG,BR,2026-09-10T22:43:54.029480Z,2026-09-05T22:43:54.029480Z,2026-09-07T14:46:54.029480Z,2026-09-07T14:46:54.029480Z
211,219,219,SIM000000000219,Transportadora Simulada,standard,SHIPPED,Remessa coletada pela transportadora,Recife,PE,BR,2026-09-10T15:40:54.029480Z,2026-09-05T15:40:54.029480Z,2026-09-07T14:46:54.029480Z,2026-09-07T14:46:54.029480Z
212,221,221,SIM000000000221,Transportadora Simulada,standard,SHIPPED,Remessa coletada pela transportadora,Recife,PE,BR,2026-09-11T13:58:54.029480Z,2026-09-06T13:58:54.029480Z,2026-09-07T14:46:54.029480Z,2026-09-07T14:46:54.029480Z
213,222,222,SIM000000000222,Transportadora Simulada,standard,SHIPPED,Remessa coletada pela transportadora,São Paulo,SP,BR,2026-09-09T02:40:54.029480Z,2026-09-04T02:40:54.029480Z,2026-09-07T14:46:54.029480Z,2026-09-07T14:46:54.029480Z
214,223,223,SIM000000000223,Transportadora Simulada,standard,SHIPPED,Remessa coletada pela transportadora,Recife,PE,BR,2026-09-09T10:03:54.029480Z,2026-09-04T10:03:54.029480Z,2026-09-07T14:46:54.029480Z,2026-09-07T14:46:54.029480Z
215,224,224,SIM000000000224,Transportadora Simulada,standard,SHIPPED,Remessa coletada pela transportadora,Curitiba,PR,BR,2026-09-12T00:41:54.029480Z,2026-09-07T00:41:54.029480Z,2026-09-07T14:46:54.029480Z,2026-09-07T14:46:54.029480Z
216,225,225,SIM000000000225,Transportadora Simulada,standard,SHIPPED,Remessa coletada pela transportadora,Recife,PE,BR,2026-09-10T09:55:54.029480Z,2026-09-05T09:55:54.029480Z,2026-09-07T14:46:54.029480Z,2026-09-07T14:46:54.029480Z
217,226,226,SIM000000000226,Transportadora Simulada,standard,SHIPPED,Remessa coletada pela transportadora,Belo Horizonte,MG,BR,2026-09-09T04:14:54.029480Z,2026-09-04T04:14:54.029480Z,2026-09-07T14:46:54.029480Z,2026-09-07T14:46:54.029480Z
218,228,228,SIM000000000228,Transportadora Simulada,standard,SHIPPED,Remessa coletada pela transportadora,Curitiba,PR,BR,2026-09-09T18:34:54.029480Z,2026-09-04T18:34:54.029480Z,2026-09-07T14:46:54.029480Z,2026-09-07T14:46:54.029480Z
219,1991,1991,SIM000000001991,Transportes Simulados Brasil,standard,SHIPPED,Remessa despachada,Maceió,AL,BR,2026-09-12T17:59:55.820833Z,2026-09-13T19:22:32.904865Z,2026-09-13T19:22:50.472136Z,2026-09-13T19:22:50.472136Z
220,2913,2913,SIM000000002913,Transportes Simulados Brasil,standard,SHIPPED,Remessa despachada,Rio Branco,AC,BR,2026-09-12T18:01:16.074436Z,2026-09-13T19:22:36.410627Z,2026-09-13T19:22:50.472136Z,2026-09-13T19:22:50.472136Z
221,3271,3271,SIM000000003271,Transportes Simulados Brasil,standard,SHIPPED,Remessa despachada,Salvador,BA,BR,2026-09-12T18:01:15.650470Z,2026-09-13T19:22:37.676409Z,2026-09-13T19:22:50.472136Z,2026-09-13T19:22:50.472136Z
222,3925,3925,SIM000000003925,Transportes Simulados Brasil,standard,SHIPPED,Remessa despachada,Rio Branco,AC,BR,2026-09-12T18:01:16.074436Z,2026-09-13T19:22:41.004987Z,2026-09-13T19:22:50.472136Z,2026-09-13T19:22:50.472136Z
223,3455,3455,SIM000000003455,Transportes Simulados Brasil,standard,SHIPPED,Remessa despachada,Belém,PA,BR,2026-09-12T17:59:55.820833Z,2026-09-13T19:22:38.838340Z,2026-09-13T19:22:50.472136Z,2026-09-13T19:22:50.472136Z
224,2954,2954,SIM000000002954,Transportes Simulados Brasil,standard,SHIPPED,Remessa despachada,São Luís,MA,BR,2026-09-12T18:01:16.074436Z,2026-09-13T19:22:36.540130Z,2026-09-13T19:22:50.472136Z,2026-09-13T19:22:50.472136Z
225,3874,3874,SIM000000003874,Transportes Simulados Brasil,standard,SHIPPED,Remessa despachada,Belo Horizonte,MG,BR,2026-09-12T17:59:55.820833Z,2026-09-13T19:22:40.773281Z,2026-09-13T19:22:50.472136Z,2026-09-13T19:22:50.472136Z
226,3197,3197,SIM000000003197,Transportes Simulados Brasil,standard,SHIPPED,Remessa despachada,São Luís,MA,BR,2026-09-12T18:01:16.074436Z,2026-09-13T19:22:37.444776Z,2026-09-13T19:22:50.472136Z,2026-09-13T19:22:50.472136Z
227,2347,2347,SIM000000002347,Transportes Simulados Brasil,standard,SHIPPED,Remessa despachada,Macapá,AP,BR,2026-09-12T17:59:55.820833Z,2026-09-13T19:22:34.256836Z,2026-09-13T19:22:50.472136Z,2026-09-13T19:22:50.472136Z
228,815,815,SIM000000000815,Transportes Simulados Brasil,standard,SHIPPED,Remessa despachada,Porto Alegre,RS,BR,2026-09-12T17:59:55.820833Z,2026-09-13T19:22:27.151643Z,2026-09-13T19:22:50.472136Z,2026-09-13T19:22:50.472136Z
229,3591,3591,SIM000000003591,Transportes Simulados Brasil,standard,SHIPPED,Remessa despachada,Macapá,AP,BR,2026-09-12T18:01:16.074436Z,2026-09-13T19:22:39.593399Z,2026-09-13T19:22:50.472136Z,2026-09-13T19:22:50.472136Z
230,1283,1283,SIM000000001283,Transportes Simulados Brasil,standard,SHIPPED,Remessa despachada,João Pessoa,PB,BR,2026-09-12T17:59:55.820833Z,2026-09-13T19:22:30.052551Z,2026-09-13T19:22:50.472136Z,2026-09-13T19:22:50.472136Z
231,2848,2848,SIM000000002848,Transportes Simulados Brasil,standard,SHIPPED,Remessa despachada,Florianópolis,SC,BR,2026-09-12T18:01:16.074436Z,2026-09-13T19:22:36.066615Z,2026-09-13T19:22:50.472136Z,2026-09-13T19:22:50.472136Z
232,3593,3593,SIM000000003593,Transportes Simulados Brasil,standard,SHIPPED,Remessa despachada,Brasília,DF,BR,2026-09-12T18:01:15.650470Z,2026-09-13T19:22:39.598150Z,2026-09-13T19:22:50.472136Z,2026-09-13T19:22:50.472136Z
233,1242,1242,SIM000000001242,Transportes Simulados Brasil,standard,SHIPPED,Remessa despachada,São Paulo,SP,BR,2026-09-12T17:59:55.820833Z,2026-09-13T19:22:29.827507Z,2026-09-13T19:22:50.472136Z,2026-09-13T19:22:50.472136Z
234,898,898,SIM000000000898,Transportes Simulados Brasil,standard,SHIPPED,Remessa despachada,Recife,PE,BR,2026-09-12T17:59:55.820833Z,2026-09-13T19:22:27.766292Z,2026-09-13T19:22:50.472136Z,2026-09-13T19:22:50.472136Z
235,3185,3185,SIM000000003185,Transportes Simulados Brasil,standard,SHIPPED,Remessa despachada,Porto Velho,RO,BR,2026-09-12T18:01:16.074436Z,2026-09-13T19:22:37.417899Z,2026-09-13T19:22:50.472136Z,2026-09-13T19:22:50.472136Z
236,2617,2617,SIM000000002617,Transportes Simulados Brasil,standard,SHIPPED,Remessa despachada,São Paulo,SP,BR,2026-09-12T18:01:16.074436Z,2026-09-13T19:22:35.192232Z,2026-09-13T19:22:50.472136Z,2026-09-13T19:22:50.472136Z
237,996,996,SIM000000000996,Transportes Simulados Brasil,standard,SHIPPED,Remessa despachada,Campo Grande,MS,BR,2026-09-12T17:59:55.820833Z,2026-09-13T19:22:28.412782Z,2026-09-13T19:22:50.472136Z,2026-09-13T19:22:50.472136Z
238,3827,3827,SIM000000003827,Transportes Simulados Brasil,standard,SHIPPED,Remessa despachada,Florianópolis,SC,BR,2026-09-12T18:01:15.650470Z,2026-09-13T19:22:40.574342Z,2026-09-13T19:22:50.472136Z,2026-09-13T19:22:50.472136Z
239,3488,3488,SIM000000003488,Transportes Simulados Brasil,standard,SHIPPED,Remessa despachada,Fortaleza,CE,BR,2026-09-12T18:01:16.074436Z,2026-09-13T19:22:39.073110Z,2026-09-13T19:22:50.472136Z,2026-09-13T19:22:50.472136Z
240,2870,2870,SIM000000002870,Transportes Simulados Brasil,standard,SHIPPED,Remessa despachada,Natal,RN,BR,2026-09-12T17:59:55.820833Z,2026-09-13T19:22:36.155106Z,2026-09-13T19:22:50.472136Z,2026-09-13T19:22:50.472136Z
241,2459,2459,SIM000000002459,Transportes Simulados Brasil,standard,SHIPPED,Remessa despachada,São Luís,MA,BR,2026-09-12T18:01:16.074436Z,2026-09-13T19:22:34.636733Z,2026-09-13T19:22:50.472136Z,2026-09-13T19:22:50.472136Z
242,2406,2406,SIM000000002406,Transportes Simulados Brasil,standard,SHIPPED,Remessa despachada,Teresina,PI,BR,2026-09-12T17:59:55.820833Z,2026-09-13T19:22:34.446780Z,2026-09-13T19:22:50.472136Z,2026-09-13T19:22:50.472136Z
243,2331,2331,SIM000000002331,Transportes Simulados Brasil,standard,SHIPPED,Remessa despachada,Natal,RN,BR,2026-09-12T17:59:55.820833Z,2026-09-13T19:22:34.222994Z,2026-09-13T19:22:50.472136Z,2026-09-13T19:22:50.472136Z
244,3084,3084,SIM000000003084,Transportes Simulados Brasil,standard,SHIPPED,Remessa despachada,Porto Velho,RO,BR,2026-09-12T18:01:16.074436Z,2026-09-13T19:22:37.010752Z,2026-09-13T19:22:50.472136Z,2026-09-13T19:22:50.472136Z
245,1527,1527,SIM000000001527,Transportes Simulados Brasil,standard,SHIPPED,Remessa despachada,Rio Branco,AC,BR,2026-09-12T17:59:55.820833Z,2026-09-13T19:22:31.153012Z,2026-09-13T19:22:50.472136Z,2026-09-13T19:22:50.472136Z
246,993,993,SIM000000000993,Transportes Simulados Brasil,standard,SHIPPED,Remessa despachada,Natal,RN,BR,2026-09-12T17:59:55.820833Z,2026-09-13T19:22:28.404696Z,2026-09-13T19:22:50.472136Z,2026-09-13T19:22:50.472136Z
247,367,367,SIM000000000367,Transportes Simulados Brasil,standard,SHIPPED,Remessa despachada,Rio de Janeiro,RJ,BR,2026-09-12T17:59:55.820833Z,2026-09-13T19:22:24.956466Z,2026-09-13T19:22:50.472136Z,2026-09-13T19:22:50.472136Z
248,1812,1812,SIM000000001812,Transportes Simulados Brasil,standard,SHIPPED,Remessa despachada,Palmas,TO,BR,2026-09-12T17:59:55.820833Z,2026-09-13T19:22:32.283947Z,2026-09-13T19:22:50.472136Z,2026-09-13T19:22:50.472136Z
249,2023,2023,SIM000000002023,Transportes Simulados Brasil,standard,SHIPPED,Remessa despachada,Teresina,PI,BR,2026-09-12T17:59:55.820833Z,2026-09-13T19:22:33.029175Z,2026-09-13T19:22:50.472136Z,2026-09-13T19:22:50.472136Z
250,3303,3303,SIM000000003303,Transportes Simulados Brasil,standard,SHIPPED,Remessa despachada,Campinas,SP,BR,2026-09-12T18:01:16.074436Z,2026-09-13T19:22:37.815124Z,2026-09-13T19:22:50.472136Z,2026-09-13T19:22:50.472136Z
251,2906,2906,SIM000000002906,Transportes Simulados Brasil,standard,SHIPPED,Remessa despachada,Rio Branco,AC,BR,2026-09-12T18:01:16.074436Z,2026-09-13T19:22:36.372580Z,2026-09-13T19:22:50.472136Z,2026-09-13T19:22:50.472136Z
252,2204,2204,SIM000000002204,Transportes Simulados Brasil,standard,SHIPPED,Remessa despachada,Porto Velho,RO,BR,2026-09-12T18:01:16.074436Z,2026-09-13T19:22:33.757409Z,2026-09-13T19:22:50.472136Z,2026-09-13T19:22:50.472136Z
253,2874,2874,SIM000000002874,Transportes Simulados Brasil,standard,SHIPPED,Remessa despachada,Natal,RN,BR,2026-09-12T18:01:16.074436Z,2026-09-13T19:22:36.189743Z,2026-09-13T19:22:50.472136Z,2026-09-13T19:22:50.472136Z
254,974,974,SIM000000000974,Transportes Simulados Brasil,standard,SHIPPED,Remessa despachada,Goiânia,GO,BR,2026-09-12T17:59:55.820833Z,2026-09-13T19:22:28.300687Z,2026-09-13T19:22:50.472136Z,2026-09-13T19:22:50.472136Z
255,3781,3781,SIM000000003781,Transportes Simulados Brasil,standard,SHIPPED,Remessa despachada,Recife,PE,BR,2026-09-12T18:01:15.650470Z,2026-09-13T19:22:40.424266Z,2026-09-13T19:22:50.472136Z,2026-09-13T19:22:50.472136Z
256,308,308,SIM000000000308,Transportes Simulados Brasil,standard,SHIPPED,Remessa despachada,Belém,PA,BR,2026-09-12T17:59:55.820833Z,2026-09-13T19:22:24.653074Z,2026-09-13T19:22:50.472136Z,2026-09-13T19:22:50.472136Z
257,1126,1126,SIM000000001126,Transportes Simulados Brasil,standard,SHIPPED,Remessa despachada,Teresina,PI,BR,2026-09-12T17:59:55.820833Z,2026-09-13T19:22:29.247931Z,2026-09-13T19:22:50.472136Z,2026-09-13T19:22:50.472136Z
258,2222,2222,SIM000000002222,Transportes Simulados Brasil,standard,SHIPPED,Remessa despachada,Natal,RN,BR,2026-09-12T18:01:16.074436Z,2026-09-13T19:22:33.828851Z,2026-09-13T19:23:36.338981Z,2026-09-13T19:23:36.338981Z
259,2901,2901,SIM000000002901,Transportes Simulados Brasil,standard,SHIPPED,Remessa despachada,Teresina,PI,BR,2026-09-12T18:01:16.074436Z,2026-09-13T19:22:36.351929Z,2026-09-13T19:23:36.338981Z,2026-09-13T19:23:36.338981Z
260,980,980,SIM000000000980,Transportes Simulados Brasil,standard,SHIPPED,Remessa despachada,Salvador,BA,BR,2026-09-12T17:59:55.820833Z,2026-09-13T19:22:28.334349Z,2026-09-13T19:23:36.338981Z,2026-09-13T19:23:36.338981Z
261,3823,3823,SIM000000003823,Transportes Simulados Brasil,standard,SHIPPED,Remessa despachada,Vitória,ES,BR,2026-09-12T17:59:55.820833Z,2026-09-13T19:22:40.564164Z,2026-09-13T19:23:36.338981Z,2026-09-13T19:23:36.338981Z
262,309,309,SIM000000000309,Transportes Simulados Brasil,standard,SHIPPED,Remessa despachada,João Pessoa,PB,BR,2026-09-12T17:59:55.820833Z,2026-09-13T19:22:24.663951Z,2026-09-13T19:23:36.338981Z,2026-09-13T19:23:36.338981Z
263,1134,1134,SIM000000001134,Transportes Simulados Brasil,standard,SHIPPED,Remessa despachada,João Pessoa,PB,BR,2026-09-12T17:59:55.820833Z,2026-09-13T19:22:29.297889Z,2026-09-13T19:23:36.338981Z,2026-09-13T19:23:36.338981Z
264,3895,3895,SIM000000003895,Transportes Simulados Brasil,standard,SHIPPED,Remessa despachada,Belo Horizonte,MG,BR,2026-09-12T18:01:16.074436Z,2026-09-13T19:22:40.860926Z,2026-09-13T19:23:36.338981Z,2026-09-13T19:23:36.338981Z
265,310,310,SIM000000000310,Transportes Simulados Brasil,standard,SHIPPED,Remessa despachada,Boa Vista,RR,BR,2026-09-12T17:59:55.820833Z,2026-09-13T19:22:24.672357Z,2026-09-13T19:23:36.338981Z,2026-09-13T19:23:36.338981Z
266,2024,2024,SIM000000002024,Transportes Simulados Brasil,standard,SHIPPED,Remessa despachada,Manaus,AM,BR,2026-09-12T17:59:55.820833Z,2026-09-13T19:22:33.031182Z,2026-09-13T19:23:36.338981Z,2026-09-13T19:23:36.338981Z
267,2351,2351,SIM000000002351,Transportes Simulados Brasil,standard,SHIPPED,Remessa despachada,Florianópolis,SC,BR,2026-09-12T18:01:16.074436Z,2026-09-13T19:22:34.272190Z,2026-09-13T19:23:36.338981Z,2026-09-13T19:23:36.338981Z
268,906,906,SIM000000000906,Transportes Simulados Brasil,standard,SHIPPED,Remessa despachada,João Pessoa,PB,BR,2026-09-12T17:59:55.820833Z,2026-09-13T19:22:27.931413Z,2026-09-13T19:23:36.338981Z,2026-09-13T19:23:36.338981Z
269,605,605,SIM000000000605,Transportes Simulados Brasil,standard,SHIPPED,Remessa despachada,Maceió,AL,BR,2026-09-12T17:59:55.820833Z,2026-09-13T19:22:25.880998Z,2026-09-13T19:23:36.338981Z,2026-09-13T19:23:36.338981Z
270,2255,2255,SIM000000002255,Transportes Simulados Brasil,standard,SHIPPED,Remessa despachada,Campinas,SP,BR,2026-09-12T18:01:15.650470Z,2026-09-13T19:22:33.962816Z,2026-09-13T19:23:36.338981Z,2026-09-13T19:23:36.338981Z
271,2979,2979,SIM000000002979,Transportes Simulados Brasil,standard,SHIPPED,Remessa despachada,Fortaleza,CE,BR,2026-09-12T18:01:16.074436Z,2026-09-13T19:22:36.630512Z,2026-09-13T19:23:36.338981Z,2026-09-13T19:23:36.338981Z
272,1026,1026,SIM000000001026,Transportes Simulados Brasil,standard,SHIPPED,Remessa despachada,Boa Vista,RR,BR,2026-09-12T17:59:55.820833Z,2026-09-13T19:22:28.533810Z,2026-09-13T19:23:36.338981Z,2026-09-13T19:23:36.338981Z
273,3267,3267,SIM000000003267,Transportes Simulados Brasil,standard,SHIPPED,Remessa despachada,Recife,PE,BR,2026-09-12T17:59:55.820833Z,2026-09-13T19:22:37.659992Z,2026-09-13T19:23:36.338981Z,2026-09-13T19:23:36.338981Z
274,2062,2062,SIM000000002062,Transportes Simulados Brasil,standard,SHIPPED,Remessa despachada,Manaus,AM,BR,2026-09-12T17:59:55.820833Z,2026-09-13T19:22:33.161810Z,2026-09-13T19:23:36.338981Z,2026-09-13T19:23:36.338981Z
275,345,345,SIM000000000345,Transportes Simulados Brasil,standard,SHIPPED,Remessa despachada,Maceió,AL,BR,2026-09-12T17:59:55.820833Z,2026-09-13T19:22:24.852876Z,2026-09-13T19:23:36.338981Z,2026-09-13T19:23:36.338981Z
276,1475,1475,SIM000000001475,Transportes Simulados Brasil,standard,SHIPPED,Remessa despachada,João Pessoa,PB,BR,2026-09-12T17:59:55.820833Z,2026-09-13T19:22:30.814715Z,2026-09-13T19:23:36.338981Z,2026-09-13T19:23:36.338981Z
277,2961,2961,SIM000000002961,Transportes Simulados Brasil,standard,SHIPPED,Remessa despachada,Curitiba,PR,BR,2026-09-12T18:01:16.074436Z,2026-09-13T19:22:36.569157Z,2026-09-13T19:23:36.338981Z,2026-09-13T19:23:36.338981Z
278,2681,2681,SIM000000002681,Transportes Simulados Brasil,standard,SHIPPED,Remessa despachada,Fortaleza,CE,BR,2026-09-12T18:01:16.074436Z,2026-09-13T19:22:35.397363Z,2026-09-13T19:23:36.338981Z,2026-09-13T19:23:36.338981Z
279,977,977,SIM000000000977,Transportes Simulados Brasil,standard,SHIPPED,Remessa despachada,Maceió,AL,BR,2026-09-12T17:59:55.820833Z,2026-09-13T19:22:28.311929Z,2026-09-13T19:23:36.338981Z,2026-09-13T19:23:36.338981Z
280,1669,1669,SIM000000001669,Transportes Simulados Brasil,standard,SHIPPED,Remessa despachada,Porto Alegre,RS,BR,2026-09-12T17:59:55.820833Z,2026-09-13T19:22:31.775950Z,2026-09-13T19:23:36.338981Z,2026-09-13T19:23:36.338981Z
281,3646,3646,SIM000000003646,Transportes Simulados Brasil,standard,SHIPPED,Remessa despachada,Rio Branco,AC,BR,2026-09-12T18:01:16.074436Z,2026-09-13T19:22:39.889126Z,2026-09-13T19:23:36.338981Z,2026-09-13T19:23:36.338981Z
282,1356,1356,SIM000000001356,Transportes Simulados Brasil,standard,SHIPPED,Remessa despachada,São Paulo,SP,BR,2026-09-12T17:59:55.820833Z,2026-09-13T19:22:30.327310Z,2026-09-13T19:23:36.338981Z,2026-09-13T19:23:36.338981Z
283,1677,1677,SIM000000001677,Transportes Simulados Brasil,standard,SHIPPED,Remessa despachada,Goiânia,GO,BR,2026-09-12T17:59:55.820833Z,2026-09-13T19:22:31.804912Z,2026-09-13T19:23:36.338981Z,2026-09-13T19:23:36.338981Z
284,3850,3850,SIM000000003850,Transportes Simulados Brasil,standard,SHIPPED,Remessa despachada,Curitiba,PR,BR,2026-09-12T18:01:16.074436Z,2026-09-13T19:22:40.661767Z,2026-09-13T19:23:36.338981Z,2026-09-13T19:23:36.338981Z
285,2696,2696,SIM000000002696,Transportes Simulados Brasil,standard,SHIPPED,Remessa despachada,Belo Horizonte,MG,BR,2026-09-12T18:01:16.074436Z,2026-09-13T19:22:35.451436Z,2026-09-13T19:23:36.338981Z,2026-09-13T19:23:36.338981Z
286,2012,2012,SIM000000002012,Transportes Simulados Brasil,standard,SHIPPED,Remessa despachada,Campinas,SP,BR,2026-09-12T17:59:55.820833Z,2026-09-13T19:22:32.989455Z,2026-09-13T19:23:36.338981Z,2026-09-13T19:23:36.338981Z
287,3052,3052,SIM000000003052,Transportes Simulados Brasil,standard,SHIPPED,Remessa despachada,Boa Vista,RR,BR,2026-09-12T18:01:16.074436Z,2026-09-13T19:22:36.921970Z,2026-09-13T19:23:36.338981Z,2026-09-13T19:23:36.338981Z
288,2110,2110,SIM000000002110,Transportes Simulados Brasil,standard,SHIPPED,Remessa despachada,Recife,PE,BR,2026-09-12T18:01:15.650470Z,2026-09-13T19:22:33.381980Z,2026-09-13T19:23:36.338981Z,2026-09-13T19:23:36.338981Z
289,2036,2036,SIM000000002036,Transportes Simulados Brasil,standard,SHIPPED,Remessa despachada,Curitiba,PR,BR,2026-09-12T17:59:55.820833Z,2026-09-13T19:22:33.070205Z,2026-09-13T19:23:36.338981Z,2026-09-13T19:23:36.338981Z
290,385,385,SIM000000000385,Transportes Simulados Brasil,standard,SHIPPED,Remessa despachada,Aracaju,SE,BR,2026-09-12T17:59:55.820833Z,2026-09-13T19:22:25.040973Z,2026-09-13T19:23:36.338981Z,2026-09-13T19:23:36.338981Z
291,1295,1295,SIM000000001295,Transportes Simulados Brasil,standard,SHIPPED,Remessa despachada,Vitória,ES,BR,2026-09-12T17:59:55.820833Z,2026-09-13T19:22:30.104506Z,2026-09-13T19:23:36.338981Z,2026-09-13T19:23:36.338981Z
292,1367,1367,SIM000000001367,Transportes Simulados Brasil,standard,SHIPPED,Remessa despachada,João Pessoa,PB,BR,2026-09-12T17:59:55.820833Z,2026-09-13T19:22:30.363706Z,2026-09-13T19:23:36.338981Z,2026-09-13T19:23:36.338981Z
293,3785,3785,SIM000000003785,Transportes Simulados Brasil,standard,SHIPPED,Remessa despachada,Natal,RN,BR,2026-09-12T18:01:15.650470Z,2026-09-13T19:22:40.434258Z,2026-09-13T19:23:36.338981Z,2026-09-13T19:23:36.338981Z
294,2482,2482,SIM000000002482,Transportes Simulados Brasil,standard,SHIPPED,Remessa despachada,Maceió,AL,BR,2026-09-12T18:01:16.074436Z,2026-09-13T19:22:34.730117Z,2026-09-13T19:23:36.338981Z,2026-09-13T19:23:36.338981Z
295,3882,3882,SIM000000003882,Transportes Simulados Brasil,standard,SHIPPED,Remessa despachada,Campo Grande,MS,BR,2026-09-12T18:01:16.074436Z,2026-09-13T19:22:40.813822Z,2026-09-13T19:23:36.338981Z,2026-09-13T19:23:36.338981Z
296,1003,1003,SIM000000001003,Transportes Simulados Brasil,standard,SHIPPED,Remessa despachada,Curitiba,PR,BR,2026-09-12T17:59:55.820833Z,2026-09-13T19:22:28.438972Z,2026-09-13T19:23:36.338981Z,2026-09-13T19:23:36.338981Z
297,2386,2386,SIM000000002386,Transportes Simulados Brasil,standard,SHIPPED,Remessa despachada,João Pessoa,PB,BR,2026-09-12T17:59:55.820833Z,2026-09-13T19:22:34.396031Z,2026-09-13T19:25:35.131889Z,2026-09-13T19:25:35.131889Z
298,3150,3150,SIM000000003150,Transportes Simulados Brasil,standard,SHIPPED,Remessa despachada,Maceió,AL,BR,2026-09-12T18:01:16.074436Z,2026-09-13T19:22:37.310555Z,2026-09-13T19:25:35.131889Z,2026-09-13T19:25:35.131889Z
299,1559,1559,SIM000000001559,Transportes Simulados Brasil,standard,SHIPPED,Remessa despachada,Belo Horizonte,MG,BR,2026-09-12T17:59:55.820833Z,2026-09-13T19:22:31.360816Z,2026-09-13T19:25:35.131889Z,2026-09-13T19:25:35.131889Z
300,1013,1013,SIM000000001013,Transportes Simulados Brasil,standard,SHIPPED,Remessa despachada,Manaus,AM,BR,2026-09-12T17:59:55.820833Z,2026-09-13T19:22:28.481676Z,2026-09-13T19:25:35.131889Z,2026-09-13T19:25:35.131889Z
301,373,373,SIM000000000373,Transportes Simulados Brasil,standard,SHIPPED,Remessa despachada,João Pessoa,PB,BR,2026-09-12T17:59:55.820833Z,2026-09-13T19:22:24.990130Z,2026-09-13T19:25:35.131889Z,2026-09-13T19:25:35.131889Z
302,1849,1849,SIM000000001849,Transportes Simulados Brasil,standard,SHIPPED,Remessa despachada,Recife,PE,BR,2026-09-12T17:59:55.820833Z,2026-09-13T19:22:32.395010Z,2026-09-13T19:25:35.131889Z,2026-09-13T19:25:35.131889Z
303,2066,2066,SIM000000002066,Transportes Simulados Brasil,standard,SHIPPED,Remessa despachada,Recife,PE,BR,2026-09-12T18:01:16.074436Z,2026-09-13T19:22:33.174114Z,2026-09-13T19:25:35.131889Z,2026-09-13T19:25:35.131889Z
304,3376,3376,SIM000000003376,Transportes Simulados Brasil,standard,SHIPPED,Remessa despachada,Rio Branco,AC,BR,2026-09-12T18:01:16.074436Z,2026-09-13T19:22:38.321116Z,2026-09-13T19:25:35.131889Z,2026-09-13T19:25:35.131889Z
305,2973,2973,SIM000000002973,Transportes Simulados Brasil,standard,SHIPPED,Remessa despachada,Goiânia,GO,BR,2026-09-12T17:59:55.820833Z,2026-09-13T19:22:36.610329Z,2026-09-13T19:25:35.131889Z,2026-09-13T19:25:35.131889Z
306,2250,2250,SIM000000002250,Transportes Simulados Brasil,standard,SHIPPED,Remessa despachada,Campinas,SP,BR,2026-09-12T18:01:16.074436Z,2026-09-13T19:22:33.937592Z,2026-09-13T19:25:35.131889Z,2026-09-13T19:25:35.131889Z
307,2939,2939,SIM000000002939,Transportes Simulados Brasil,standard,SHIPPED,Remessa despachada,Rio de Janeiro,RJ,BR,2026-09-12T18:01:16.074436Z,2026-09-13T19:22:36.495918Z,2026-09-13T19:25:35.131889Z,2026-09-13T19:25:35.131889Z
308,992,992,SIM000000000992,Transportes Simulados Brasil,standard,SHIPPED,Remessa despachada,Campinas,SP,BR,2026-09-12T17:59:55.820833Z,2026-09-13T19:22:28.397947Z,2026-09-13T19:25:35.131889Z,2026-09-13T19:25:35.131889Z
309,3868,3868,SIM000000003868,Transportes Simulados Brasil,standard,SHIPPED,Remessa despachada,Rio Branco,AC,BR,2026-09-12T18:01:15.650470Z,2026-09-13T19:22:40.734111Z,2026-09-13T19:25:35.131889Z,2026-09-13T19:25:35.131889Z
310,311,311,SIM000000000311,Transportes Simulados Brasil,standard,SHIPPED,Remessa despachada,Macapá,AP,BR,2026-09-12T17:59:55.820833Z,2026-09-13T19:22:24.682043Z,2026-09-13T19:25:35.131889Z,2026-09-13T19:25:35.131889Z
311,1147,1147,SIM000000001147,Transportes Simulados Brasil,standard,SHIPPED,Remessa despachada,João Pessoa,PB,BR,2026-09-12T17:59:55.820833Z,2026-09-13T19:22:29.339960Z,2026-09-13T19:25:35.131889Z,2026-09-13T19:25:35.131889Z
312,3944,3944,SIM000000003944,Transportes Simulados Brasil,standard,SHIPPED,Remessa despachada,Florianópolis,SC,BR,2026-09-12T18:01:16.074436Z,2026-09-13T19:22:41.078996Z,2026-09-13T19:25:35.131889Z,2026-09-13T19:25:35.131889Z
313,312,312,SIM000000000312,Transportes Simulados Brasil,standard,SHIPPED,Remessa despachada,Recife,PE,BR,2026-09-12T17:59:55.820833Z,2026-09-13T19:22:24.690540Z,2026-09-13T19:25:35.131889Z,2026-09-13T19:25:35.131889Z
314,2050,2050,SIM000000002050,Transportes Simulados Brasil,standard,SHIPPED,Remessa despachada,Teresina,PI,BR,2026-09-12T18:01:16.074436Z,2026-09-13T19:22:33.118137Z,2026-09-13T19:25:35.131889Z,2026-09-13T19:25:35.131889Z
315,2380,2380,SIM000000002380,Transportes Simulados Brasil,standard,SHIPPED,Remessa despachada,Porto Alegre,RS,BR,2026-09-12T17:59:55.820833Z,2026-09-13T19:22:34.375186Z,2026-09-13T19:25:35.131889Z,2026-09-13T19:25:35.131889Z
316,914,914,SIM000000000914,Transportes Simulados Brasil,standard,SHIPPED,Remessa despachada,Teresina,PI,BR,2026-09-12T17:59:55.820833Z,2026-09-13T19:22:27.984725Z,2026-09-13T19:25:35.131889Z,2026-09-13T19:25:35.131889Z
317,611,611,SIM000000000611,Transportes Simulados Brasil,standard,SHIPPED,Remessa despachada,Natal,RN,BR,2026-09-12T17:59:55.820833Z,2026-09-13T19:22:25.911919Z,2026-09-13T19:25:35.131889Z,2026-09-13T19:25:35.131889Z
318,2287,2287,SIM000000002287,Transportes Simulados Brasil,standard,SHIPPED,Remessa despachada,Teresina,PI,BR,2026-09-12T18:01:16.074436Z,2026-09-13T19:22:34.054383Z,2026-09-13T19:25:35.131889Z,2026-09-13T19:25:35.131889Z
319,3014,3014,SIM000000003014,Transportes Simulados Brasil,standard,SHIPPED,Remessa despachada,Manaus,AM,BR,2026-09-12T17:59:55.820833Z,2026-09-13T19:22:36.775023Z,2026-09-13T19:25:35.131889Z,2026-09-13T19:25:35.131889Z
320,1039,1039,SIM000000001039,Transportes Simulados Brasil,standard,SHIPPED,Remessa despachada,Rio de Janeiro,RJ,BR,2026-09-12T17:59:55.820833Z,2026-09-13T19:22:28.600598Z,2026-09-13T19:25:35.131889Z,2026-09-13T19:25:35.131889Z
321,3311,3311,SIM000000003311,Transportes Simulados Brasil,standard,SHIPPED,Remessa despachada,Macapá,AP,BR,2026-09-12T18:01:16.074436Z,2026-09-13T19:22:37.858007Z,2026-09-13T19:25:35.131889Z,2026-09-13T19:25:35.131889Z
322,2089,2089,SIM000000002089,Transportes Simulados Brasil,standard,SHIPPED,Remessa despachada,Brasília,DF,BR,2026-09-12T17:59:55.820833Z,2026-09-13T19:22:33.254484Z,2026-09-13T19:25:35.131889Z,2026-09-13T19:25:35.131889Z
323,348,348,SIM000000000348,Transportes Simulados Brasil,standard,SHIPPED,Remessa despachada,João Pessoa,PB,BR,2026-09-12T17:59:55.820833Z,2026-09-13T19:22:24.869928Z,2026-09-13T19:25:35.131889Z,2026-09-13T19:25:35.131889Z
324,1494,1494,SIM000000001494,Transportes Simulados Brasil,standard,SHIPPED,Remessa despachada,Maceió,AL,BR,2026-09-12T17:59:55.820833Z,2026-09-13T19:22:30.885993Z,2026-09-13T19:25:35.131889Z,2026-09-13T19:25:35.131889Z
325,2997,2997,SIM000000002997,Transportes Simulados Brasil,standard,SHIPPED,Remessa despachada,Rio Branco,AC,BR,2026-09-12T18:01:16.074436Z,2026-09-13T19:22:36.693775Z,2026-09-13T19:25:35.131889Z,2026-09-13T19:25:35.131889Z
326,2711,2711,SIM000000002711,Transportes Simulados Brasil,standard,SHIPPED,Remessa despachada,Fortaleza,CE,BR,2026-09-12T18:01:16.074436Z,2026-09-13T19:22:35.496567Z,2026-09-13T19:25:35.131889Z,2026-09-13T19:25:35.131889Z
327,987,987,SIM000000000987,Transportes Simulados Brasil,standard,SHIPPED,Remessa despachada,Recife,PE,BR,2026-09-12T17:59:55.820833Z,2026-09-13T19:22:28.371856Z,2026-09-13T19:25:35.131889Z,2026-09-13T19:25:35.131889Z
328,1688,1688,SIM000000001688,Transportes Simulados Brasil,standard,SHIPPED,Remessa despachada,Aracaju,SE,BR,2026-09-12T17:59:55.820833Z,2026-09-13T19:22:31.845969Z,2026-09-13T19:25:35.131889Z,2026-09-13T19:25:35.131889Z
329,3684,3684,SIM000000003684,Transportes Simulados Brasil,standard,SHIPPED,Remessa despachada,Palmas,TO,BR,2026-09-12T18:01:16.074436Z,2026-09-13T19:22:40.060410Z,2026-09-13T19:25:35.131889Z,2026-09-13T19:25:35.131889Z
330,1373,1373,SIM000000001373,Transportes Simulados Brasil,standard,SHIPPED,Remessa despachada,Porto Velho,RO,BR,2026-09-12T17:59:55.820833Z,2026-09-13T19:22:30.383658Z,2026-09-13T19:25:35.131889Z,2026-09-13T19:25:35.131889Z
331,1698,1698,SIM000000001698,Transportes Simulados Brasil,standard,SHIPPED,Remessa despachada,Fortaleza,CE,BR,2026-09-12T17:59:55.820833Z,2026-09-13T19:22:31.883542Z,2026-09-13T19:25:35.131889Z,2026-09-13T19:25:35.131889Z
332,3896,3896,SIM000000003896,Transportes Simulados Brasil,standard,SHIPPED,Remessa despachada,Curitiba,PR,BR,2026-09-12T18:01:16.074436Z,2026-09-13T19:22:40.865246Z,2026-09-13T19:25:35.131889Z,2026-09-13T19:25:35.131889Z
333,2728,2728,SIM000000002728,Transportes Simulados Brasil,standard,SHIPPED,Remessa despachada,São Paulo,SP,BR,2026-09-12T18:01:16.074436Z,2026-09-13T19:22:35.549211Z,2026-09-13T19:25:35.131889Z,2026-09-13T19:25:35.131889Z
334,2037,2037,SIM000000002037,Transportes Simulados Brasil,standard,SHIPPED,Remessa despachada,Boa Vista,RR,BR,2026-09-12T17:59:55.820833Z,2026-09-13T19:22:33.074068Z,2026-09-13T19:25:35.131889Z,2026-09-13T19:25:35.131889Z
335,3093,3093,SIM000000003093,Transportes Simulados Brasil,standard,SHIPPED,Remessa despachada,Vitória,ES,BR,2026-09-12T18:01:16.074436Z,2026-09-13T19:22:37.042961Z,2026-09-13T19:25:35.131889Z,2026-09-13T19:25:35.131889Z
